unit,label,scenario,family,dose_pct,n_sims,L_tilde_mean,L_tilde_std,L_lcc_tilde_mean,n_nodes_mean,description,delta_L_tilde,delta_L_tilde_pct
AL,AL,baseline,baseline,0.0,100,0.0014576756674626,0.0074496213009797,0.0031249999999999,62.0,"OAT reference: 2023 net, pooled outages, no intervention",0.0,0.0
AL,AL,CF-D_nevi_p0,CF-D,0.0,100,0.0014576756674626,0.0074496213009797,0.0031249999999999,62.0,CF-D dose 0 (no nodes added; CRN lock vs baseline),0.0,0.0
AL,AL,CF-D_nevi_p10,CF-D,10.0,100,0.0014722996265737,0.0078875321578176,0.002523104389834,69.0,"NEVI corridor coverage: +10% hypernodes every 50 mi on interstate, excluding sites <10 km from existing (main CF-D)",1.4623959111120237e-05,1.0032381988358166
AL,AL,CF-D_nevi_p20,CF-D,20.0,100,0.001440011573063,0.0073197641774236,0.0021355555555555,75.0,"NEVI corridor coverage: +20% hypernodes every 50 mi on interstate, excluding sites <10 km from existing (main CF-D)",-1.7664094399590493e-05,-1.2117986733179194
AL,AL,CF-D_nevi_p30,CF-D,30.0,100,0.0013027228667462,0.0068574399813293,0.0018308946806889,81.0,"NEVI corridor coverage: +30% hypernodes every 50 mi on interstate, excluding sites <10 km from existing (main CF-D)",-0.0001549528007163,-10.630128784829118
AL,AL,CF-D_nevi_p50,CF-D,50.0,100,0.0010799519511604,0.0063246377912941,0.0013888888888888,93.0,"NEVI corridor coverage: +50% hypernodes every 50 mi on interstate, excluding sites <10 km from existing (main CF-D)",-0.0003777237163021,-25.912740723707667
AL,AL,CF-S_m0,CF-S,0.0,100,0.0014576756674626,0.0074496213009797,0.0031249999999999,62.0,OAT severity: N_affected −0% (R_c × √(1−0/100) = ×1.0000),0.0,0.0
AL,AL,CF-S_m10,CF-S,10.0,100,0.0014684818750537,0.0079219888824331,0.0024609781477627,62.0,OAT severity: N_affected −10% (R_c × √(1−10/100) = ×0.9487),1.0806207591143853e-05,0.741331410844913
AL,AL,CF-S_m20,CF-S,20.0,100,0.0014505316258579,0.007924528474842,0.0024193548387096,62.0,OAT severity: N_affected −20% (R_c × √(1−20/100) = ×0.8944),-7.144041604676028e-06,-0.4900981586055795
AL,AL,CF-S_m30,CF-S,30.0,100,0.0004385564690241,0.002874360317345,0.0015842872008324,62.0,OAT severity: N_affected −30% (R_c × √(1−30/100) = ×0.8367),-0.0010191191984385,-69.91398849460789
AL,AL,CF-S_m50,CF-S,50.0,100,0.0001422707555701,0.0005704048146401,0.0005573621227887,62.0,OAT severity: N_affected −50% (R_c × √(1−50/100) = ×0.7071),-0.0013154049118924,-90.23988952097714
AL,AL,U_x1p5,U,,100,0.0014637765784601,0.0073758123811664,0.0048634235171696,62.0,Urban counties: R_c × 1.5 (not on CF-D/CF-S dose grid),6.100910997501813e-06,0.4185369306549219
AL,AL,U_x2,U,,100,0.00174554303777,0.0074312537137812,0.0075201612903225,62.0,Urban counties: R_c × 2.0 (not on CF-D/CF-S dose grid),0.0002878673703073,19.748382766686305
AL,AL,K_5km,K,,100,0.0011280315449059,0.0048280161239591,0.0022295835586803,86.0,5 km clustering network (not on CF-D/CF-S dose grid),-0.0003296441225566,-22.614366824857555
AR,AR,baseline,baseline,0.0,100,0.0001356972533864,0.0002754326053932,0.0009687641466727,47.0,"OAT reference: 2023 net, pooled outages, no intervention",0.0,0.0
AR,AR,CF-D_nevi_p0,CF-D,0.0,100,0.0001356972533864,0.0002754326053932,0.0009687641466727,47.0,CF-D dose 0 (no nodes added; CRN lock vs baseline),0.0,0.0
AR,AR,CF-D_nevi_p10,CF-D,10.0,100,0.000122760399481,0.0002330978967979,0.0007914201183431,52.0,"NEVI corridor coverage: +10% hypernodes every 50 mi on interstate, excluding sites <10 km from existing (main CF-D)",-1.2936853905463876e-05,-9.533615148878186
AR,AR,CF-D_nevi_p20,CF-D,20.0,100,0.0001270580222044,0.0002783947433348,0.0006586642043705,57.0,"NEVI corridor coverage: +20% hypernodes every 50 mi on interstate, excluding sites <10 km from existing (main CF-D)",-8.639231182042188e-06,-6.36654830251984
AR,AR,CF-D_nevi_p30,CF-D,30.0,100,0.0001667076168817,0.0005320917632757,0.0005567117585848,62.0,"NEVI corridor coverage: +30% hypernodes every 50 mi on interstate, excluding sites <10 km from existing (main CF-D)",3.1010363495255586e-05,22.85260955646441
AR,AR,CF-D_nevi_p50,CF-D,50.0,100,7.170084467273408e-05,0.0001716756819936,0.0004245189446538,71.0,"NEVI corridor coverage: +50% hypernodes every 50 mi on interstate, excluding sites <10 km from existing (main CF-D)",-6.399640871373335e-05,-47.16116731668164
AR,AR,CF-S_m0,CF-S,0.0,100,0.0001356972533864,0.0002754326053932,0.0009687641466727,47.0,OAT severity: N_affected −0% (R_c × √(1−0/100) = ×1.0000),0.0,0.0
AR,AR,CF-S_m10,CF-S,10.0,100,0.0001209532756866,0.000272325703912,0.0008782254413761,47.0,OAT severity: N_affected −10% (R_c × √(1−10/100) = ×0.9487),-1.4743977699833112e-05,-10.86534718417777
AR,AR,CF-S_m20,CF-S,20.0,100,0.0001075981580569,0.0002675145715898,0.0006631960162969,47.0,OAT severity: N_affected −20% (R_c × √(1−20/100) = ×0.8944),-2.809909532948018e-05,-20.70719533980073
AR,AR,CF-S_m30,CF-S,30.0,100,9.886358297819688e-05,0.0002645001842874,0.0006552738795835,47.0,OAT severity: N_affected −30% (R_c × √(1−30/100) = ×0.8367),-3.683367040827054e-05,-27.14400585792831
AR,AR,CF-S_m50,CF-S,50.0,100,7.965315304302438e-05,0.000241138247239,0.0004357175192394,47.0,OAT severity: N_affected −50% (R_c × √(1−50/100) = ×0.7071),-5.604410034344305e-05,-41.30083619587256
AR,AR,U_x1p5,U,,100,0.0003411535877826,0.0013936828906129,0.0022193300135808,47.0,Urban counties: R_c × 1.5 (not on CF-D/CF-S dose grid),0.0002054563343962,151.4078798714223
AR,AR,U_x2,U,,100,0.0003642887747665,0.0013544065684777,0.0028825260298777,47.0,Urban counties: R_c × 2.0 (not on CF-D/CF-S dose grid),0.0002285915213801,168.45699944204213
AR,AR,K_5km,K,,100,0.0001447241783253,0.0002982793486463,0.0006994897959183,70.0,5 km clustering network (not on CF-D/CF-S dose grid),9.026924938907423e-06,6.652253242885199
AZ,AZ,baseline,baseline,0.0,100,0.0006275112485614,0.0012503794110549,0.001252,100.0,"OAT reference: 2023 net, pooled outages, no intervention",0.0,0.0
AZ,AZ,CF-D_nevi_p0,CF-D,0.0,100,0.0006275112485614,0.0012503794110549,0.001252,100.0,CF-D dose 0 (no nodes added; CRN lock vs baseline),0.0,0.0
AZ,AZ,CF-D_nevi_p10,CF-D,10.0,100,0.0005418946787878,0.0010367879615674,0.0010347107438016,110.0,"NEVI corridor coverage: +10% hypernodes every 50 mi on interstate, excluding sites <10 km from existing (main CF-D)",-8.561656977355673e-05,-13.643830285087423
AZ,AZ,CF-D_nevi_p20,CF-D,20.0,100,0.0004608588780812,0.0008654935909128,0.0008694444444444,120.0,"NEVI corridor coverage: +20% hypernodes every 50 mi on interstate, excluding sites <10 km from existing (main CF-D)",-0.0001666523704801,-26.557670617418
AZ,AZ,CF-D_nevi_p30,CF-D,30.0,100,0.0003919298753977,0.0007285323197255,0.0007408284023668,130.0,"NEVI corridor coverage: +30% hypernodes every 50 mi on interstate, excluding sites <10 km from existing (main CF-D)",-0.0002355813731636,-37.54217533211367
AZ,AZ,CF-D_nevi_p50,CF-D,50.0,100,0.0002939104331688,0.0005393775466566,0.0005564444444444,150.0,"NEVI corridor coverage: +50% hypernodes every 50 mi on interstate, excluding sites <10 km from existing (main CF-D)",-0.0003336008153926,-53.16252356549536
AZ,AZ,CF-S_m0,CF-S,0.0,100,0.0006275112485614,0.0012503794110549,0.001252,100.0,OAT severity: N_affected −0% (R_c × √(1−0/100) = ×1.0000),0.0,0.0
AZ,AZ,CF-S_m10,CF-S,10.0,100,0.0005144448404155,0.0010991223806701,0.0010915,100.0,OAT severity: N_affected −10% (R_c × √(1−10/100) = ×0.9487),-0.0001130664081459,-18.01822810429528
AZ,AZ,CF-S_m20,CF-S,20.0,100,0.00048991224732,0.0010748919188426,0.001007,100.0,OAT severity: N_affected −20% (R_c × √(1−20/100) = ×0.8944),-0.0001375990012413,-21.92773461142325
AZ,AZ,CF-S_m30,CF-S,30.0,100,0.0004761906873763,0.0010766249747124,0.00085825,100.0,OAT severity: N_affected −30% (R_c × √(1−30/100) = ×0.8367),-0.000151320561185,-24.11439819317697
AZ,AZ,CF-S_m50,CF-S,50.0,100,0.0003653945250706,0.0010354752598207,0.000637,100.0,OAT severity: N_affected −50% (R_c × √(1−50/100) = ×0.7071),-0.0002621167234907,-41.77084061706464
AZ,AZ,U_x1p5,U,,100,0.000668890721372,0.0012435626111102,0.001674,100.0,Urban counties: R_c × 1.5 (not on CF-D/CF-S dose grid),4.1379472810619566e-05,6.594220088561124
AZ,AZ,U_x2,U,,100,0.0007292430120985,0.0012398043778653,0.00214225,100.0,Urban counties: R_c × 2.0 (not on CF-D/CF-S dose grid),0.0001017317635371,16.211942617820615
AZ,AZ,K_5km,K,,100,0.0003855286562654,0.0006878221912068,0.0006947658402203,165.0,5 km clustering network (not on CF-D/CF-S dose grid),-0.0002419825922959,-38.56227164862981
CA,CA,baseline,baseline,0.0,100,0.0001206582378951,0.0002833872065044,0.0004241818181818,550.0,"OAT reference: 2023 net, pooled outages, no intervention",0.0,0.0
CA,CA,CF-D_nevi_p0,CF-D,0.0,100,0.0001206582378951,0.0002833872065044,0.0004241818181818,550.0,CF-D dose 0 (no nodes added; CRN lock vs baseline),0.0,0.0
CA,CA,CF-D_nevi_p10,CF-D,10.0,100,0.0001037618741057,0.0002610468700393,0.0003505634861006,605.0,"NEVI corridor coverage: +10% hypernodes every 50 mi on interstate, excluding sites <10 km from existing (main CF-D)",-1.689636378939975e-05,-14.003489595203993
CA,CA,CF-D_nevi_p20,CF-D,20.0,100,9.544662247292464e-05,0.0002672945825595,0.0002945707070707,660.0,"NEVI corridor coverage: +20% hypernodes every 50 mi on interstate, excluding sites <10 km from existing (main CF-D)",-2.521161542219637e-05,-20.89506349670953
CA,CA,CF-D_nevi_p30,CF-D,30.0,100,7.316030626280011e-05,0.0001993878737061,0.0002509951586874,715.0,"NEVI corridor coverage: +30% hypernodes every 50 mi on interstate, excluding sites <10 km from existing (main CF-D)",-4.7497931632320886e-05,-39.36567652646081
CA,CA,CF-D_nevi_p50,CF-D,50.0,100,5.210993774892631e-05,0.000142779463832,0.0001885252525252,825.0,"NEVI corridor coverage: +50% hypernodes every 50 mi on interstate, excluding sites <10 km from existing (main CF-D)",-6.854830014619469e-05,-56.81195195787502
CA,CA,CF-S_m0,CF-S,0.0,100,0.0001206582378951,0.0002833872065044,0.0004241818181818,550.0,OAT severity: N_affected −0% (R_c × √(1−0/100) = ×1.0000),0.0,0.0
CA,CA,CF-S_m10,CF-S,10.0,100,0.0001110339331401,0.0002831235028721,0.000381867768595,550.0,OAT severity: N_affected −10% (R_c × √(1−10/100) = ×0.9487),-9.624304754956447e-06,-7.976500339182909
CA,CA,CF-S_m20,CF-S,20.0,100,9.455920665657056e-05,0.0002797460865598,0.0003439008264462,550.0,OAT severity: N_affected −20% (R_c × √(1−20/100) = ×0.8944),-2.609903123855045e-05,-21.630542343272367
CA,CA,CF-S_m30,CF-S,30.0,100,8.643362494934942e-05,0.0002835884432768,0.0003056115702479,550.0,OAT severity: N_affected −30% (R_c × √(1−30/100) = ×0.8367),-3.4224612945771575e-05,-28.364920243175128
CA,CA,CF-S_m50,CF-S,50.0,100,7.152009283834662e-05,0.0002801729448562,0.0002248016528925,550.0,OAT severity: N_affected −50% (R_c × √(1−50/100) = ×0.7071),-4.9138145056774375e-05,-40.72506437520364
CA,CA,U_x1p5,U,,100,0.000191859988025,0.0004274117232919,0.0006516776859504,550.0,Urban counties: R_c × 1.5 (not on CF-D/CF-S dose grid),7.120175012992328e-05,59.011097271131646
CA,CA,U_x2,U,,100,0.0002227650919748,0.0004962888937186,0.0008691900826446,550.0,Urban counties: R_c × 2.0 (not on CF-D/CF-S dose grid),0.0001021068540797,84.62485103464775
CA,CA,K_5km,K,,100,7.642726344357943e-05,0.0001635948313438,0.0002202122232425,990.0,5 km clustering network (not on CF-D/CF-S dose grid),-4.423097445154157e-05,-36.65806431715684
CO,CO,baseline,baseline,0.0,100,7.592281974412993e-05,0.0001773202789537,0.0002621256982387,181.0,"OAT reference: 2023 net, pooled outages, no intervention",0.0,0.0
CO,CO,CF-D_nevi_p0,CF-D,0.0,100,7.592281974412993e-05,0.0001773202789537,0.0002621256982387,181.0,CF-D dose 0 (no nodes added; CRN lock vs baseline),0.0,0.0
CO,CO,CF-D_nevi_p10,CF-D,10.0,100,6.460329226753545e-05,0.0001424851081675,0.0002170625,200.0,"NEVI corridor coverage: +10% hypernodes every 50 mi on interstate, excluding sites <10 km from existing (main CF-D)",-1.1319527476594471e-05,-14.909255892685223
CO,CO,CF-D_nevi_p20,CF-D,20.0,100,5.459925604014747e-05,0.0001141654953184,0.0001884311084925,218.0,"NEVI corridor coverage: +20% hypernodes every 50 mi on interstate, excluding sites <10 km from existing (main CF-D)",-2.1323563703982454e-05,-28.085842670024277
CO,CO,CF-D_nevi_p30,CF-D,30.0,100,5.233244972470661e-05,9.872191723427172e-05,0.0001709278942832,236.0,"NEVI corridor coverage: +30% hypernodes every 50 mi on interstate, excluding sites <10 km from existing (main CF-D)",-2.3590370019423318e-05,-31.071514597226525
CO,CO,CF-D_nevi_p50,CF-D,50.0,100,5.649798639808734e-05,0.000198330409097,0.0001458085532006,272.0,"NEVI corridor coverage: +50% hypernodes every 50 mi on interstate, excluding sites <10 km from existing (main CF-D)",-1.9424833346042582e-05,-25.58497354485368
CO,CO,CF-S_m0,CF-S,0.0,100,7.592281974412993e-05,0.0001773202789537,0.0002621256982387,181.0,OAT severity: N_affected −0% (R_c × √(1−0/100) = ×1.0000),0.0,0.0
CO,CO,CF-S_m10,CF-S,10.0,100,7.156746526680313e-05,0.0001766592101891,0.0002436586184792,181.0,OAT severity: N_affected −10% (R_c × √(1−10/100) = ×0.9487),-4.3553544773268e-06,-5.736555217528705
CO,CO,CF-S_m20,CF-S,20.0,100,6.441111741302634e-05,0.000174573924205,0.0002138976221727,181.0,OAT severity: N_affected −20% (R_c × √(1−20/100) = ×0.8944),-1.1511702331103586e-05,-15.162374592908384
CO,CO,CF-S_m30,CF-S,30.0,100,5.841642094256077e-05,0.0001720381096426,0.0001945911296968,181.0,OAT severity: N_affected −30% (R_c × √(1−30/100) = ×0.8367),-1.7506398801569152e-05,-23.05815150249696
CO,CO,CF-S_m50,CF-S,50.0,100,5.0266655072214805e-05,0.0001719601074756,0.0001406397851103,181.0,OAT severity: N_affected −50% (R_c × √(1−50/100) = ×0.7071),-2.565616467191512e-05,-33.79242862472684
CO,CO,U_x1p5,U,,100,0.000148619596615,0.0004154490977327,0.000369799456671,181.0,Urban counties: R_c × 1.5 (not on CF-D/CF-S dose grid),7.269677687093717e-05,95.75089165014556
CO,CO,U_x2,U,,100,0.0001737080455345,0.0004464613085944,0.0004977717407893,181.0,Urban counties: R_c × 2.0 (not on CF-D/CF-S dose grid),9.778522579040588e-05,128.7955664976027
CO,CO,K_5km,K,,100,6.300123889562022e-05,0.0001498951432785,0.0001592413883933,289.0,5 km clustering network (not on CF-D/CF-S dose grid),-1.2921580848509706e-05,-17.019363732876577
Connecticut,Connecticut,baseline,baseline,0.0,100,0.003576622996659,0.0072633400095868,0.19301825,100.0,"OAT reference: 2023 net, pooled outages, no intervention",0.0,0.0
Connecticut,Connecticut,CF-D_nevi_p0,CF-D,0.0,100,0.003576622996659,0.0072633400095868,0.19301825,100.0,CF-D dose 0 (no nodes added; CRN lock vs baseline),0.0,0.0
Connecticut,Connecticut,CF-D_nevi_p10,CF-D,10.0,100,0.0023243990716942,0.00402956763448,0.0093037190082644,110.0,"NEVI corridor coverage: +10% hypernodes every 50 mi on interstate, excluding sites <10 km from existing (main CF-D)",-0.0012522239249648,-35.01134802674355
Connecticut,Connecticut,CF-D_nevi_p20,CF-D,20.0,100,0.0022753878055896,0.0036607723796015,0.0078177083333333,120.0,"NEVI corridor coverage: +20% hypernodes every 50 mi on interstate, excluding sites <10 km from existing (main CF-D)",-0.0013012351910694,-36.38167042724259
Connecticut,Connecticut,CF-D_nevi_p30,CF-D,30.0,100,0.0022383254144058,0.0034625662217324,0.0066612426035502,130.0,"NEVI corridor coverage: +30% hypernodes every 50 mi on interstate, excluding sites <10 km from existing (main CF-D)",-0.0013382975822532,-37.41791023273439
Connecticut,Connecticut,CF-D_nevi_p50,CF-D,50.0,100,0.0020497796631035,0.003298642756416,0.0050033333333333,150.0,"NEVI corridor coverage: +50% hypernodes every 50 mi on interstate, excluding sites <10 km from existing (main CF-D)",-0.0015268433335554,-42.68952402816041
Connecticut,Connecticut,CF-S_m0,CF-S,0.0,100,0.003576622996659,0.0072633400095868,0.19301825,100.0,OAT severity: N_affected −0% (R_c × √(1−0/100) = ×1.0000),0.0,0.0
Connecticut,Connecticut,CF-S_m10,CF-S,10.0,100,0.0033607729026204,0.0069134484796788,0.17845,100.0,OAT severity: N_affected −10% (R_c × √(1−10/100) = ×0.9487),-0.0002158500940386,-6.035025056884711
Connecticut,Connecticut,CF-S_m20,CF-S,20.0,100,0.0032260093015592,0.0069309257694874,0.16916925,100.0,OAT severity: N_affected −20% (R_c × √(1−20/100) = ×0.8944),-0.0003506136950998,-9.802925704702696
Connecticut,Connecticut,CF-S_m30,CF-S,30.0,100,0.0027116167062319,0.0062204348207334,0.1509204999999999,100.0,OAT severity: N_affected −30% (R_c × √(1−30/100) = ×0.8367),-0.0008650062904271,-24.18500052242348
Connecticut,Connecticut,CF-S_m50,CF-S,50.0,100,0.0020377748950569,0.0054045862228644,0.1224152499999999,100.0,OAT severity: N_affected −50% (R_c × √(1−50/100) = ×0.7071),-0.0015388481016021,-43.02516935778819
Connecticut,Connecticut,U_x1p5,U,,100,0.007470311649561,0.0116523274573816,0.3470930000000001,100.0,Urban counties: R_c × 1.5 (not on CF-D/CF-S dose grid),0.0038936886529019,108.86494485270175
Connecticut,Connecticut,U_x2,U,,100,0.0114115504403067,0.0153811629499236,0.4785111666666667,100.0,Urban counties: R_c × 2.0 (not on CF-D/CF-S dose grid),0.0078349274436476,219.05935993159423
Connecticut,Connecticut,K_5km,K,,100,0.001911934189015,0.003779165088672,0.1628239150507848,190.0,5 km clustering network (not on CF-D/CF-S dose grid),-0.001664688807644,-46.54359179592122
Dakotas,Dakotas,baseline,baseline,0.0,100,0.0007772380432148,0.0045303238341252,0.0320903123585332,47.0,"OAT reference: 2023 net, pooled outages, no intervention",0.0,0.0
Dakotas,Dakotas,CF-D_nevi_p0,CF-D,0.0,100,0.0007772380432148,0.0045303238341252,0.0320903123585332,47.0,CF-D dose 0 (no nodes added; CRN lock vs baseline),0.0,0.0
Dakotas,Dakotas,CF-D_nevi_p10,CF-D,10.0,100,0.0008791328528247,0.0049149089815855,0.0012490754437869,52.0,"NEVI corridor coverage: +10% hypernodes every 50 mi on interstate, excluding sites <10 km from existing (main CF-D)",0.0001018948096098,13.109858749118647
Dakotas,Dakotas,CF-D_nevi_p20,CF-D,20.0,100,0.0007815799087799,0.0043115656251818,0.0010395506309633,57.0,"NEVI corridor coverage: +20% hypernodes every 50 mi on interstate, excluding sites <10 km from existing (main CF-D)",4.341865565099133e-06,0.5586275148267335
Dakotas,Dakotas,CF-D_nevi_p30,CF-D,30.0,100,0.0005845037347564,0.0031699561934011,0.0008786420395421,62.0,"NEVI corridor coverage: +30% hypernodes every 50 mi on interstate, excluding sites <10 km from existing (main CF-D)",-0.0001927343084583,-24.79733334477194
Dakotas,Dakotas,CF-D_nevi_p50,CF-D,50.0,100,0.000461466372436,0.0025049823582393,0.0006700059512001,71.0,"NEVI corridor coverage: +50% hypernodes every 50 mi on interstate, excluding sites <10 km from existing (main CF-D)",-0.0003157716707788,-40.62740797821879
Dakotas,Dakotas,CF-S_m0,CF-S,0.0,100,0.0007772380432148,0.0045303238341252,0.0320903123585332,47.0,OAT severity: N_affected −0% (R_c × √(1−0/100) = ×1.0000),0.0,0.0
Dakotas,Dakotas,CF-S_m10,CF-S,10.0,100,0.0007429249729897,0.0045265823704201,0.0311747397012222,47.0,OAT severity: N_affected −10% (R_c × √(1−10/100) = ×0.9487),-3.4313070225112626e-05,-4.414744044589553
Dakotas,Dakotas,CF-S_m20,CF-S,20.0,100,0.0004700346017853,0.0036625521235328,0.0264214576731552,47.0,OAT severity: N_affected −20% (R_c × √(1−20/100) = ×0.8944),-0.0003072034414294,-39.5250134899205
Dakotas,Dakotas,CF-S_m30,CF-S,30.0,100,0.0004412031373983,0.0036621090779546,0.0251788139429606,47.0,OAT severity: N_affected −30% (R_c × √(1−30/100) = ×0.8367),-0.0003360349058165,-43.23449022472043
Dakotas,Dakotas,CF-S_m50,CF-S,50.0,100,0.0004282619242536,0.0036627345322636,0.0101731552738795,47.0,OAT severity: N_affected −50% (R_c × √(1−50/100) = ×0.7071),-0.0003489761189612,-44.899515921505554
Dakotas,Dakotas,U_x1p5,U,,100,0.0007772902120836,0.0045303159545409,0.0325803531009506,47.0,Urban counties: R_c × 1.5 (not on CF-D/CF-S dose grid),5.2168868829678354e-08,0.0067120838056117
Dakotas,Dakotas,U_x2,U,,100,0.0007773684653869,0.004530303916633,0.0326550475328202,47.0,Urban counties: R_c × 2.0 (not on CF-D/CF-S dose grid),1.3042217207397905e-07,0.0167802095140013
Dakotas,Dakotas,K_5km,K,,100,0.0002363724455954,0.0011953267640031,0.0251029585798816,65.0,5 km clustering network (not on CF-D/CF-S dose grid),-0.0005408655976194,-69.58815286270294
FL,FL,baseline,baseline,0.0,100,6.768114410352992e-05,0.0002304623731216,0.0003751074096106,246.0,"OAT reference: 2023 net, pooled outages, no intervention",0.0,0.0
FL,FL,CF-D_nevi_p0,CF-D,0.0,100,6.768114410352992e-05,0.0002304623731216,0.0003751074096106,246.0,CF-D dose 0 (no nodes added; CRN lock vs baseline),0.0,0.0
FL,FL,CF-D_nevi_p10,CF-D,10.0,100,6.373275119888133e-05,0.0002035010734959,0.0004321496166991,271.0,"NEVI corridor coverage: +10% hypernodes every 50 mi on interstate, excluding sites <10 km from existing (main CF-D)",-3.948392904648592e-06,-5.833815247875903
FL,FL,CF-D_nevi_p20,CF-D,20.0,100,6.879600194360226e-05,0.0002481707874022,0.0004129953433162,296.0,"NEVI corridor coverage: +20% hypernodes every 50 mi on interstate, excluding sites <10 km from existing (main CF-D)",1.1148578400723365e-06,1.6472207360545943
FL,FL,CF-D_nevi_p30,CF-D,30.0,100,6.651816202873726e-05,0.0002079267762422,0.000374609375,320.0,"NEVI corridor coverage: +30% hypernodes every 50 mi on interstate, excluding sites <10 km from existing (main CF-D)",-1.1629820747926633e-06,-1.7183250818184792
FL,FL,CF-D_nevi_p50,CF-D,50.0,100,4.446256108048325e-05,0.0001071010818612,0.0003342917575517,369.0,"NEVI corridor coverage: +50% hypernodes every 50 mi on interstate, excluding sites <10 km from existing (main CF-D)",-2.321858302304668e-05,-34.30583706967168
FL,FL,CF-S_m0,CF-S,0.0,100,6.768114410352992e-05,0.0002304623731216,0.0003751074096106,246.0,OAT severity: N_affected −0% (R_c × √(1−0/100) = ×1.0000),0.0,0.0
FL,FL,CF-S_m10,CF-S,10.0,100,6.744374749294871e-05,0.0002319829158691,0.0003356137219908,246.0,OAT severity: N_affected −10% (R_c × √(1−10/100) = ×0.9487),-2.3739661058121437e-07,-0.3507573840922007
FL,FL,CF-S_m20,CF-S,20.0,100,6.665658344581948e-05,0.0002321834932324,0.0003306976667327,246.0,OAT severity: N_affected −20% (R_c × √(1−20/100) = ×0.8944),-1.024560657710439e-06,-1.5138051687530545
FL,FL,CF-S_m30,CF-S,30.0,100,5.492340625572785e-05,0.000216694496503,0.0003181390045607,246.0,OAT severity: N_affected −30% (R_c × √(1−30/100) = ×0.8367),-1.275773784780207e-05,-18.849766824696285
FL,FL,CF-S_m50,CF-S,50.0,100,5.361791324361104e-05,0.000236615062347,0.00018416617093,246.0,OAT severity: N_affected −50% (R_c × √(1−50/100) = ×0.7071),-1.4063230859918886e-05,-20.778654152782583
FL,FL,U_x1p5,U,,100,0.0001019927849056,0.000253918218328,0.0005734020754841,246.0,Urban counties: R_c × 1.5 (not on CF-D/CF-S dose grid),3.43116408020863e-05,50.69601180145648
FL,FL,U_x2,U,,100,0.0001761215419896,0.0004243259436128,0.0008730748892854,246.0,Urban counties: R_c × 2.0 (not on CF-D/CF-S dose grid),0.0001084403978861,160.2224656844318
FL,FL,K_5km,K,,100,3.185530077805914e-05,0.0001040031190238,0.0001760633270321,460.0,5 km clustering network (not on CF-D/CF-S dose grid),-3.582584332547078e-05,-52.93327085409344
GA,GA,baseline,baseline,0.0,100,3.861501432860342e-05,0.0001254631494706,0.0001692008999854,166.0,"OAT reference: 2023 net, pooled outages, no intervention",0.0,0.0
GA,GA,CF-D_nevi_p0,CF-D,0.0,100,3.861501432860342e-05,0.0001254631494706,0.0001692008999854,166.0,CF-D dose 0 (no nodes added; CRN lock vs baseline),0.0,0.0
GA,GA,CF-D_nevi_p10,CF-D,10.0,100,3.363440237308863e-05,0.0001144788741505,0.0001392248200901,183.0,"NEVI corridor coverage: +10% hypernodes every 50 mi on interstate, excluding sites <10 km from existing (main CF-D)",-4.980611955514789e-06,-12.898122769374412
GA,GA,CF-D_nevi_p20,CF-D,20.0,100,2.7055519982385323e-05,9.174851471193146e-05,0.0001165625,200.0,"NEVI corridor coverage: +20% hypernodes every 50 mi on interstate, excluding sites <10 km from existing (main CF-D)",-1.1559494346218094e-05,-29.935232570030653
GA,GA,CF-D_nevi_p30,CF-D,30.0,100,2.1459877768043108e-05,6.523751460960773e-05,9.993355624142706e-05,216.0,"NEVI corridor coverage: +30% hypernodes every 50 mi on interstate, excluding sites <10 km from existing (main CF-D)",-1.715513656056031e-05,-44.42607845377111
GA,GA,CF-D_nevi_p50,CF-D,50.0,100,1.852947199117191e-05,7.308458604908432e-05,7.520039999354943e-05,249.0,"NEVI corridor coverage: +50% hypernodes every 50 mi on interstate, excluding sites <10 km from existing (main CF-D)",-2.0085542337431503e-05,-52.01485144226266
GA,GA,CF-S_m0,CF-S,0.0,100,3.861501432860342e-05,0.0001254631494706,0.0001692008999854,166.0,OAT severity: N_affected −0% (R_c × √(1−0/100) = ×1.0000),0.0,0.0
GA,GA,CF-S_m10,CF-S,10.0,100,3.723485417110631e-05,0.0001255160706203,0.0001382638989693,166.0,OAT severity: N_affected −10% (R_c × √(1−10/100) = ×0.9487),-1.3801601574971045e-06,-3.5741542026951265
GA,GA,CF-S_m20,CF-S,20.0,100,1.8446994756545385e-05,4.431043349216188e-05,8.038176803599892e-05,166.0,OAT severity: N_affected −20% (R_c × √(1−20/100) = ×0.8944),-2.0168019572058032e-05,-52.22843995455652
GA,GA,CF-S_m30,CF-S,30.0,100,1.740417709619872e-05,4.411491020725789e-05,7.448468573087486e-05,166.0,OAT severity: N_affected −30% (R_c × √(1−30/100) = ×0.8367),-2.1210837232404697e-05,-54.92898967201245
GA,GA,CF-S_m50,CF-S,50.0,100,1.2909536633055509e-05,3.9525413867626366e-05,5.24386703440264e-05,166.0,OAT severity: N_affected −50% (R_c × √(1−50/100) = ×0.7071),-2.570547769554791e-05,-66.56860846095043
GA,GA,U_x1p5,U,,100,4.5670309204320746e-05,0.0001266447185218,0.0002875054434605,166.0,Urban counties: R_c × 1.5 (not on CF-D/CF-S dose grid),7.055294875717329e-06,18.27085914219444
GA,GA,U_x2,U,,100,9.387672477488568e-05,0.0003202041200765,0.0003887538104224,166.0,Urban counties: R_c × 2.0 (not on CF-D/CF-S dose grid),5.5261710446282274e-05,143.10938739014813
GA,GA,K_5km,K,,100,3.5652723486664685e-05,0.0001393970398775,0.0001325040174471,264.0,5 km clustering network (not on CF-D/CF-S dose grid),-2.962290841938732e-06,-7.671344665912671
IA,IA,baseline,baseline,0.0,100,8.985434405927029e-05,0.0004656754429695,0.0006134806238185,92.0,"OAT reference: 2023 net, pooled outages, no intervention",0.0,0.0
IA,IA,CF-D_nevi_p0,CF-D,0.0,100,8.985434405927029e-05,0.0004656754429695,0.0006134806238185,92.0,CF-D dose 0 (no nodes added; CRN lock vs baseline),0.0,0.0
IA,IA,CF-D_nevi_p10,CF-D,10.0,100,5.9899290233057616e-05,0.0002580949023848,0.0004990868896578,102.0,"NEVI corridor coverage: +10% hypernodes every 50 mi on interstate, excluding sites <10 km from existing (main CF-D)",-2.9955053826212676e-05,-33.337346279500444
IA,IA,CF-D_nevi_p20,CF-D,20.0,100,4.88761681447891e-05,0.000199493794463,0.0004273192111029,111.0,"NEVI corridor coverage: +20% hypernodes every 50 mi on interstate, excluding sites <10 km from existing (main CF-D)",-4.097817591448119e-05,-45.60511385787971
IA,IA,CF-D_nevi_p30,CF-D,30.0,100,3.5676876078548785e-05,0.0001524141880547,0.0003706597222222,120.0,"NEVI corridor coverage: +30% hypernodes every 50 mi on interstate, excluding sites <10 km from existing (main CF-D)",-5.41774679807215e-05,-60.294767657515386
IA,IA,CF-D_nevi_p50,CF-D,50.0,100,3.8660817008513976e-05,0.0001691058066166,0.0002821098508716,138.0,"NEVI corridor coverage: +50% hypernodes every 50 mi on interstate, excluding sites <10 km from existing (main CF-D)",-5.119352705075631e-05,-56.97390325056261
IA,IA,CF-S_m0,CF-S,0.0,100,8.985434405927029e-05,0.0004656754429695,0.0006134806238185,92.0,OAT severity: N_affected −0% (R_c × √(1−0/100) = ×1.0000),0.0,0.0
IA,IA,CF-S_m10,CF-S,10.0,100,8.94999074337324e-05,0.0004657157837151,0.0006058010396975,92.0,OAT severity: N_affected −10% (R_c × √(1−10/100) = ×0.9487),-3.544366255378936e-07,-0.3944568615448329
IA,IA,CF-S_m20,CF-S,20.0,100,8.97254616527074e-05,0.0004655774226754,0.0005765595463138,92.0,OAT severity: N_affected −20% (R_c × √(1−20/100) = ×0.8944),-1.2888240656289457e-07,-0.1434348087588067
IA,IA,CF-S_m30,CF-S,30.0,100,4.571691222488998e-05,0.0002122839631615,0.0002868029300567,92.0,OAT severity: N_affected −30% (R_c × √(1−30/100) = ×0.8367),-4.413743183438031e-05,-49.121088464310745
IA,IA,CF-S_m50,CF-S,50.0,100,2.3540346500463784e-05,0.0001111823588767,0.0002614012287334,92.0,OAT severity: N_affected −50% (R_c × √(1−50/100) = ×0.7071),-6.63139975588065e-05,-73.80166006783605
IA,IA,U_x1p5,U,,100,9.602050044598472e-05,0.0004654918654842,0.0006616257088846,92.0,Urban counties: R_c × 1.5 (not on CF-D/CF-S dose grid),6.1661563867144455e-06,6.862390963142624
IA,IA,U_x2,U,,100,9.866915796649613e-05,0.0004655013666078,0.0006887996219281,92.0,Urban counties: R_c × 2.0 (not on CF-D/CF-S dose grid),8.814813907225824e-06,9.810114357310695
IA,IA,K_5km,K,,100,0.0001140210817654,0.0005000871528557,0.0003667307334614,127.0,5 km clustering network (not on CF-D/CF-S dose grid),2.416673770622228e-05,26.89545837681622
ID,ID,baseline,baseline,0.0,100,0.0008881206085517,0.0020378523406345,0.0039197530864197,36.0,"OAT reference: 2023 net, pooled outages, no intervention",0.0,0.0
ID,ID,CF-D_nevi_p0,CF-D,0.0,100,0.0008881206085517,0.0020378523406345,0.0039197530864197,36.0,CF-D dose 0 (no nodes added; CRN lock vs baseline),0.0,0.0
ID,ID,CF-D_nevi_p10,CF-D,10.0,100,0.000962736021621,0.004345844711563,0.003175,40.0,"NEVI corridor coverage: +10% hypernodes every 50 mi on interstate, excluding sites <10 km from existing (main CF-D)",7.461541306920492e-05,8.40149551206514
ID,ID,CF-D_nevi_p20,CF-D,20.0,100,0.0011669638956125,0.0064071441686509,0.0026239669421487,44.0,"NEVI corridor coverage: +20% hypernodes every 50 mi on interstate, excluding sites <10 km from existing (main CF-D)",0.0002788432870607,31.397006710095877
ID,ID,CF-D_nevi_p30,CF-D,30.0,100,0.0010086902607485,0.0044626807832055,0.0022996831145314,47.0,"NEVI corridor coverage: +30% hypernodes every 50 mi on interstate, excluding sites <10 km from existing (main CF-D)",0.0001205696521967,13.575819661856247
ID,ID,CF-D_nevi_p50,CF-D,50.0,100,0.0008817954657386,0.0041964071517979,0.0017421124828532,54.0,"NEVI corridor coverage: +50% hypernodes every 50 mi on interstate, excluding sites <10 km from existing (main CF-D)",-6.325142813197633e-06,-0.7121941268215409
ID,ID,CF-S_m0,CF-S,0.0,100,0.0008881206085517,0.0020378523406345,0.0039197530864197,36.0,OAT severity: N_affected −0% (R_c × √(1−0/100) = ×1.0000),0.0,0.0
ID,ID,CF-S_m10,CF-S,10.0,100,0.000741513759562,0.0018189747104368,0.0035860339506172,36.0,OAT severity: N_affected −10% (R_c × √(1−10/100) = ×0.9487),-0.0001466068489897,-16.50753823050755
ID,ID,CF-S_m20,CF-S,20.0,100,0.0007140387660993,0.0018046578644425,0.0032060185185185,36.0,OAT severity: N_affected −20% (R_c × √(1−20/100) = ×0.8944),-0.0001740818424524,-19.60114885030092
ID,ID,CF-S_m30,CF-S,30.0,100,0.0007037094533164,0.0018065015864285,0.0029764660493827,36.0,OAT severity: N_affected −30% (R_c × √(1−30/100) = ×0.8367),-0.0001844111552353,-20.76420178291549
ID,ID,CF-S_m50,CF-S,50.0,100,0.0005412812913207,0.001752846405724,0.0024498456790123,36.0,OAT severity: N_affected −50% (R_c × √(1−50/100) = ×0.7071),-0.000346839317231,-39.0531774503684
ID,ID,U_x1p5,U,,100,0.0009172329322143,0.0020407589341001,0.0041010802469135,36.0,Urban counties: R_c × 1.5 (not on CF-D/CF-S dose grid),2.9112323662507144e-05,3.277969611579982
ID,ID,U_x2,U,,100,0.0009682598560786,0.0020725751119447,0.0046354166666666,36.0,Urban counties: R_c × 2.0 (not on CF-D/CF-S dose grid),8.013924752683032e-05,9.023464465880185
ID,ID,K_5km,K,,100,0.0008296268151871,0.0024420972006794,0.0028703703703703,45.0,5 km clustering network (not on CF-D/CF-S dose grid),-5.84937933646877e-05,-6.586244345806796
IL,IL,baseline,baseline,0.0,100,5.421685566142808e-05,0.0002295273698048,0.0001749999999999,140.0,"OAT reference: 2023 net, pooled outages, no intervention",0.0,0.0
IL,IL,CF-D_nevi_p0,CF-D,0.0,100,5.421685566142808e-05,0.0002295273698048,0.0001749999999999,140.0,CF-D dose 0 (no nodes added; CRN lock vs baseline),0.0,0.0
IL,IL,CF-D_nevi_p10,CF-D,10.0,100,4.7557008662311454e-05,0.0001709006389749,0.0001446280991735,154.0,"NEVI corridor coverage: +10% hypernodes every 50 mi on interstate, excluding sites <10 km from existing (main CF-D)",-6.659846999116621e-06,-12.28372047376899
IL,IL,CF-D_nevi_p20,CF-D,20.0,100,4.61879681778891e-05,0.0001527042641736,0.0001215277777777,168.0,"NEVI corridor coverage: +20% hypernodes every 50 mi on interstate, excluding sites <10 km from existing (main CF-D)",-8.028887483538975e-06,-14.808840139453215
IL,IL,CF-D_nevi_p30,CF-D,30.0,100,4.521426414376392e-05,0.0001700355829747,0.0001038521917642,182.0,"NEVI corridor coverage: +30% hypernodes every 50 mi on interstate, excluding sites <10 km from existing (main CF-D)",-9.002591517664162e-06,-16.604783526885615
IL,IL,CF-D_nevi_p50,CF-D,50.0,100,2.517596789337312e-05,6.184289252571162e-05,8.032879818594074e-05,210.0,"NEVI corridor coverage: +50% hypernodes every 50 mi on interstate, excluding sites <10 km from existing (main CF-D)",-2.9040887768054954e-05,-53.56431577184905
IL,IL,CF-S_m0,CF-S,0.0,100,5.421685566142808e-05,0.0002295273698048,0.0001749999999999,140.0,OAT severity: N_affected −0% (R_c × √(1−0/100) = ×1.0000),0.0,0.0
IL,IL,CF-S_m10,CF-S,10.0,100,5.421685566142808e-05,0.0002295273698048,0.0001742346938775,140.0,OAT severity: N_affected −10% (R_c × √(1−10/100) = ×0.9487),0.0,0.0
IL,IL,CF-S_m20,CF-S,20.0,100,5.2810593267413167e-05,0.0002296355974058,0.0001627551020408,140.0,OAT severity: N_affected −20% (R_c × √(1−20/100) = ×0.8944),-1.4062623940149088e-06,-2.593773424996642
IL,IL,CF-S_m30,CF-S,30.0,100,5.14736678568089e-05,0.0002292653805514,0.0001573979591836,140.0,OAT severity: N_affected −30% (R_c × √(1−30/100) = ×0.8367),-2.7431878046191773e-06,-5.0596586082928905
IL,IL,CF-S_m50,CF-S,50.0,100,2.319205084000304e-05,9.120605671847166e-05,0.0001053571428571,140.0,OAT severity: N_affected −50% (R_c × √(1−50/100) = ×0.7071),-3.102480482142503e-05,-57.223541356156616
IL,IL,U_x1p5,U,,100,8.330685829550854e-05,0.0002861422334491,0.0003084183673469,140.0,Urban counties: R_c × 1.5 (not on CF-D/CF-S dose grid),2.909000263408046e-05,53.65490543335989
IL,IL,U_x2,U,,100,0.000201922737132,0.0008013705273069,0.000654081632653,140.0,Urban counties: R_c × 2.0 (not on CF-D/CF-S dose grid),0.0001477058814706,272.4353518267995
IL,IL,K_5km,K,,100,3.629991944499574e-05,0.0001699788237951,6.06356494387381e-05,259.0,5 km clustering network (not on CF-D/CF-S dose grid),-1.7916936216432337e-05,-33.04680066346806
IN,IN,baseline,baseline,0.0,100,9.120020101561495e-05,0.0004220859461098,0.0005386363636363,110.0,"OAT reference: 2023 net, pooled outages, no intervention",0.0,0.0
IN,IN,CF-D_nevi_p0,CF-D,0.0,100,9.120020101561495e-05,0.0004220859461098,0.0005386363636363,110.0,CF-D dose 0 (no nodes added; CRN lock vs baseline),0.0,0.0
IN,IN,CF-D_nevi_p10,CF-D,10.0,100,7.54544648390357e-05,0.0003547331082475,0.0004451540195341,121.0,"NEVI corridor coverage: +10% hypernodes every 50 mi on interstate, excluding sites <10 km from existing (main CF-D)",-1.5745736176579257e-05,-17.265023542967118
IN,IN,CF-D_nevi_p20,CF-D,20.0,100,6.776457511874162e-05,0.0002976993403276,0.000374053030303,132.0,"NEVI corridor coverage: +20% hypernodes every 50 mi on interstate, excluding sites <10 km from existing (main CF-D)",-2.3435625896873333e-05,-25.69690158123749
IN,IN,CF-D_nevi_p30,CF-D,30.0,100,6.698297651226001e-05,0.0002778856104859,0.0003187197417966,143.0,"NEVI corridor coverage: +30% hypernodes every 50 mi on interstate, excluding sites <10 km from existing (main CF-D)",-2.421722450335494e-05,-26.553915708155685
IN,IN,CF-D_nevi_p50,CF-D,50.0,100,5.4906986387446703e-05,0.0001887427354333,0.0002465564738292,165.0,"NEVI corridor coverage: +50% hypernodes every 50 mi on interstate, excluding sites <10 km from existing (main CF-D)",-3.629321462816825e-05,-39.79510376512686
IN,IN,CF-S_m0,CF-S,0.0,100,9.120020101561495e-05,0.0004220859461098,0.0005386363636363,110.0,OAT severity: N_affected −0% (R_c × √(1−0/100) = ×1.0000),0.0,0.0
IN,IN,CF-S_m10,CF-S,10.0,100,8.894617333314264e-05,0.0004210501130819,0.0004913223140495,110.0,OAT severity: N_affected −10% (R_c × √(1−10/100) = ×0.9487),-2.2540276824723176e-06,-2.4715161341435987
IN,IN,CF-S_m20,CF-S,20.0,100,8.141799737205487e-05,0.0004207422268115,0.0004621900826446,110.0,OAT severity: N_affected −20% (R_c × √(1−20/100) = ×0.8944),-9.782203643560086e-06,-10.726076844814424
IN,IN,CF-S_m30,CF-S,30.0,100,7.119502800011984e-05,0.0004169152485078,0.0004188016528925,110.0,OAT severity: N_affected −30% (R_c × √(1−30/100) = ×0.8367),-2.0005173015495115e-05,-21.93544837918713
IN,IN,CF-S_m50,CF-S,50.0,100,4.087348508050898e-05,0.0001714633891341,0.0001851239669421,110.0,OAT severity: N_affected −50% (R_c × √(1−50/100) = ×0.7071),-5.032671593510597e-05,-55.1826809312506
IN,IN,U_x1p5,U,,100,0.0001326341964798,0.0004322629511825,0.000845867768595,110.0,Urban counties: R_c × 1.5 (not on CF-D/CF-S dose grid),4.143399546425403e-05,45.43191243313144
IN,IN,U_x2,U,,100,0.000250104606818,0.0007601555725156,0.0014382231404958,110.0,Urban counties: R_c × 2.0 (not on CF-D/CF-S dose grid),0.0001589044058024,174.23690302526063
IN,IN,K_5km,K,,100,8.773290968085681e-05,0.0002702106644449,0.000456,150.0,5 km clustering network (not on CF-D/CF-S dose grid),-3.4672913347581427e-06,-3.801846154006268
KS,KS,baseline,baseline,0.0,100,8.161701567092814e-05,0.0002569986080192,0.0007087053571428,56.0,"OAT reference: 2023 net, pooled outages, no intervention",0.0,0.0
KS,KS,CF-D_nevi_p0,CF-D,0.0,100,8.161701567092814e-05,0.0002569986080192,0.0007087053571428,56.0,CF-D dose 0 (no nodes added; CRN lock vs baseline),0.0,0.0
KS,KS,CF-D_nevi_p10,CF-D,10.0,100,8.047000923513904e-05,0.0002222566807669,0.0005859781477627,62.0,"NEVI corridor coverage: +10% hypernodes every 50 mi on interstate, excluding sites <10 km from existing (main CF-D)",-1.1470064357890975e-06,-1.4053520903211112
KS,KS,CF-D_nevi_p20,CF-D,20.0,100,4.953967112898034e-05,0.0001485718701605,0.0005028114186851,68.0,"NEVI corridor coverage: +20% hypernodes every 50 mi on interstate, excluding sites <10 km from existing (main CF-D)",-3.20773445419478e-05,-39.30227573044392
KS,KS,CF-D_nevi_p30,CF-D,30.0,100,4.934079217052101e-05,0.0001545582969886,0.000438637643085,73.0,"NEVI corridor coverage: +30% hypernodes every 50 mi on interstate, excluding sites <10 km from existing (main CF-D)",-3.227622350040713e-05,-39.54594913215367
KS,KS,CF-D_nevi_p50,CF-D,50.0,100,4.172392901741216e-05,0.0001159085201394,0.0003419075963718,84.0,"NEVI corridor coverage: +50% hypernodes every 50 mi on interstate, excluding sites <10 km from existing (main CF-D)",-3.989308665351598e-05,-48.87839419951474
KS,KS,CF-S_m0,CF-S,0.0,100,8.161701567092814e-05,0.0002569986080192,0.0007087053571428,56.0,OAT severity: N_affected −0% (R_c × √(1−0/100) = ×1.0000),0.0,0.0
KS,KS,CF-S_m10,CF-S,10.0,100,7.338005794423153e-05,0.0002440364016742,0.0005229591836734,56.0,OAT severity: N_affected −10% (R_c × √(1−10/100) = ×0.9487),-8.236957726696608e-06,-10.092206458402275
KS,KS,CF-S_m20,CF-S,20.0,100,6.947713019965321e-05,0.000242203316023,0.0005086096938775,56.0,OAT severity: N_affected −20% (R_c × √(1−20/100) = ×0.8944),-1.213988547127493e-05,-14.874208976497949
KS,KS,CF-S_m30,CF-S,30.0,100,6.509749177466288e-05,0.0002396168570958,0.0004910714285714,56.0,OAT severity: N_affected −30% (R_c × √(1−30/100) = ×0.8367),-1.651952389626526e-05,-20.240293963786144
KS,KS,CF-S_m50,CF-S,50.0,100,3.992666579389335e-05,0.0002018945786108,0.000344387755102,56.0,OAT severity: N_affected −50% (R_c × √(1−50/100) = ×0.7071),-4.169034987703479e-05,-51.08046347237961
KS,KS,U_x1p5,U,,100,8.770978947586855e-05,0.0002643899066549,0.0009351084183673,56.0,Urban counties: R_c × 1.5 (not on CF-D/CF-S dose grid),6.092773804940407e-06,7.465077906678036
KS,KS,U_x2,U,,100,9.883645731353073e-05,0.0002718625014904,0.0010435267857142,56.0,Urban counties: R_c × 2.0 (not on CF-D/CF-S dose grid),1.7219441642602574e-05,21.097857476227365
KS,KS,K_5km,K,,100,3.935165918221722e-05,0.0001415363226335,0.0005284352399737,78.0,5 km clustering network (not on CF-D/CF-S dose grid),-4.226535648871092e-05,-51.78498152777445
KY,KY,baseline,baseline,0.0,100,0.000208986624224,0.0015022487579444,0.0008029155188246,66.0,"OAT reference: 2023 net, pooled outages, no intervention",0.0,0.0
KY,KY,CF-D_nevi_p0,CF-D,0.0,100,0.000208986624224,0.0015022487579444,0.0008029155188246,66.0,CF-D dose 0 (no nodes added; CRN lock vs baseline),0.0,0.0
KY,KY,CF-D_nevi_p10,CF-D,10.0,100,0.0002118254335648,0.0014010323717729,0.0006563145055357,73.0,"NEVI corridor coverage: +10% hypernodes every 50 mi on interstate, excluding sites <10 km from existing (main CF-D)",2.8388093408198832e-06,1.35836891540775
KY,KY,CF-D_nevi_p20,CF-D,20.0,100,0.0002391268920932,0.0014500019744346,0.0005464843749999,80.0,"NEVI corridor coverage: +20% hypernodes every 50 mi on interstate, excluding sites <10 km from existing (main CF-D)",3.0140267869169265e-05,14.422103797826052
KY,KY,CF-D_nevi_p30,CF-D,30.0,100,0.0001340626513213,0.0008735714368844,0.0004728907517577,86.0,"NEVI corridor coverage: +30% hypernodes every 50 mi on interstate, excluding sites <10 km from existing (main CF-D)",-7.49239729027633e-05,-35.8510852935874
KY,KY,CF-D_nevi_p50,CF-D,50.0,100,0.000104194085203,0.0007335471140576,0.0003568513416998,99.0,"NEVI corridor coverage: +50% hypernodes every 50 mi on interstate, excluding sites <10 km from existing (main CF-D)",-0.0001047925390209,-50.1431799331904
KY,KY,CF-S_m0,CF-S,0.0,100,0.000208986624224,0.0015022487579444,0.0008029155188246,66.0,OAT severity: N_affected −0% (R_c × √(1−0/100) = ×1.0000),0.0,0.0
KY,KY,CF-S_m10,CF-S,10.0,100,0.0002022547748283,0.0015025673547859,0.0007547061524334,66.0,OAT severity: N_affected −10% (R_c × √(1−10/100) = ×0.9487),-6.7318493957718175e-06,-3.2211867246364227
KY,KY,CF-S_m20,CF-S,20.0,100,0.000200502732604,0.0015027013561359,0.0007288797061524,66.0,OAT severity: N_affected −20% (R_c × √(1−20/100) = ×0.8944),-8.483891619988961e-06,-4.059538093161606
KY,KY,CF-S_m30,CF-S,30.0,100,0.0002004473396675,0.0015027077168727,0.0007254361799816,66.0,OAT severity: N_affected −30% (R_c × √(1−30/100) = ×0.8367),-8.539284556521176e-06,-4.0860435868686205
KY,KY,CF-S_m50,CF-S,50.0,100,0.00019382743462,0.0015031670662988,0.0004775022956841,66.0,OAT severity: N_affected −50% (R_c × √(1−50/100) = ×0.7071),-1.515918960404394e-05,-7.25366499426779
KY,KY,U_x1p5,U,,100,0.0005660218358526,0.0036303196631758,0.0010870064279155,66.0,Urban counties: R_c × 1.5 (not on CF-D/CF-S dose grid),0.0003570352116286,170.8411784506362
KY,KY,U_x2,U,,100,0.0009767971642977,0.0042294498988999,0.0023404499540863,66.0,Urban counties: R_c × 2.0 (not on CF-D/CF-S dose grid),0.0007678105400737,367.396977162736
KY,KY,K_5km,K,,100,0.0001494581189324,0.0008863067836911,0.0005320699708454,98.0,5 km clustering network (not on CF-D/CF-S dose grid),-5.952850529163944e-05,-28.484361385641677
LA,LA,baseline,baseline,0.0,100,0.0035518083964205,0.0230038600962685,0.0285296875,40.0,"OAT reference: 2023 net, pooled outages, no intervention",0.0,0.0
LA,LA,CF-D_nevi_p0,CF-D,0.0,100,0.0035518083964205,0.0230038600962685,0.0285296875,40.0,CF-D dose 0 (no nodes added; CRN lock vs baseline),0.0,0.0
LA,LA,CF-D_nevi_p10,CF-D,10.0,100,0.0030403822783649,0.018447242075997,0.0235782541322314,44.0,"NEVI corridor coverage: +10% hypernodes every 50 mi on interstate, excluding sites <10 km from existing (main CF-D)",-0.0005114261180556,-14.399034547331189
LA,LA,CF-D_nevi_p20,CF-D,20.0,100,0.0025538027856575,0.0152005048975757,0.0198122829861111,48.0,"NEVI corridor coverage: +20% hypernodes every 50 mi on interstate, excluding sites <10 km from existing (main CF-D)",-0.000998005610763,-28.098520510532023
LA,LA,CF-D_nevi_p30,CF-D,30.0,100,0.0020418180915114,0.0122742273830421,0.0168814718934911,52.0,"NEVI corridor coverage: +30% hypernodes every 50 mi on interstate, excluding sites <10 km from existing (main CF-D)",-0.0015099903049091,-42.51328158441467
LA,LA,CF-D_nevi_p50,CF-D,50.0,100,0.0024449125937358,0.0152664389670814,0.0126798611111111,60.0,"NEVI corridor coverage: +50% hypernodes every 50 mi on interstate, excluding sites <10 km from existing (main CF-D)",-0.0011068958026847,-31.16428813559375
LA,LA,CF-S_m0,CF-S,0.0,100,0.0035518083964205,0.0230038600962685,0.0285296875,40.0,OAT severity: N_affected −0% (R_c × √(1−0/100) = ×1.0000),0.0,0.0
LA,LA,CF-S_m10,CF-S,10.0,100,0.0032797402729426,0.0229045562483858,0.0282984375,40.0,OAT severity: N_affected −10% (R_c × √(1−10/100) = ×0.9487),-0.0002720681234779,-7.659988746919692
LA,LA,CF-S_m20,CF-S,20.0,100,0.0032512595618698,0.0229081727452895,0.0281078125,40.0,OAT severity: N_affected −20% (R_c × √(1−20/100) = ×0.8944),-0.0003005488345506,-8.461853822226615
LA,LA,CF-S_m30,CF-S,30.0,100,0.0032332667285069,0.0229103194362961,0.0267671875,40.0,OAT severity: N_affected −30% (R_c × √(1−30/100) = ×0.8367),-0.0003185416679136,-8.96843614184491
LA,LA,CF-S_m50,CF-S,50.0,100,0.0011491269996909,0.0057722960101786,0.0174828125,40.0,OAT severity: N_affected −50% (R_c × √(1−50/100) = ×0.7071),-0.0024026813967296,-67.64670636938031
LA,LA,U_x1p5,U,,100,0.0034313731437648,0.0227124758169381,0.032746875,40.0,Urban counties: R_c × 1.5 (not on CF-D/CF-S dose grid),-0.0001204352526557,-3.390815021923238
LA,LA,U_x2,U,,100,0.00334181993042,0.0225449624883046,0.0464171875,40.0,Urban counties: R_c × 2.0 (not on CF-D/CF-S dose grid),-0.0002099884660004,-5.912156359901075
LA,LA,K_5km,K,,100,0.0020335555528663,0.0117922829515626,0.0146592340639959,63.0,5 km clustering network (not on CF-D/CF-S dose grid),-0.0015182528435542,-42.74591064890405
MA,MA,baseline,baseline,0.0,100,0.0009085147765609,0.0018131342112378,0.0041461985188342,137.0,"OAT reference: 2023 net, pooled outages, no intervention",0.0,0.0
MA,MA,CF-D_nevi_p0,CF-D,0.0,100,0.0009085147765609,0.0018131342112378,0.0041461985188342,137.0,CF-D dose 0 (no nodes added; CRN lock vs baseline),0.0,0.0
MA,MA,CF-D_nevi_p10,CF-D,10.0,100,0.0007271976931213,0.0014382667965415,0.0034130082013946,151.0,"NEVI corridor coverage: +10% hypernodes every 50 mi on interstate, excluding sites <10 km from existing (main CF-D)",-0.0001813170834395,-19.957527177039797
MA,MA,CF-D_nevi_p20,CF-D,20.0,100,0.0006591913871221,0.0013111858048544,0.0028584022038567,165.0,"NEVI corridor coverage: +20% hypernodes every 50 mi on interstate, excluding sites <10 km from existing (main CF-D)",-0.0002493233894387,-27.44296470141879
MA,MA,CF-D_nevi_p30,CF-D,30.0,100,0.0005299551190747,0.0009836944543464,0.0024287631472176,179.0,"NEVI corridor coverage: +30% hypernodes every 50 mi on interstate, excluding sites <10 km from existing (main CF-D)",-0.0003785596574861,-41.66796922326157
MA,MA,CF-D_nevi_p50,CF-D,50.0,100,0.0004291288782777,0.0009654160337493,0.0018338203412197,206.0,"NEVI corridor coverage: +50% hypernodes every 50 mi on interstate, excluding sites <10 km from existing (main CF-D)",-0.0004793858982831,-52.76588897076552
MA,MA,CF-S_m0,CF-S,0.0,100,0.0009085147765609,0.0018131342112378,0.0041461985188342,137.0,OAT severity: N_affected −0% (R_c × √(1−0/100) = ×1.0000),0.0,0.0
MA,MA,CF-S_m10,CF-S,10.0,100,0.0008401194752231,0.0017745372590622,0.0037348819862539,137.0,OAT severity: N_affected −10% (R_c × √(1−10/100) = ×0.9487),-6.839530133779864e-05,-7.528254146476358
MA,MA,CF-S_m20,CF-S,20.0,100,0.0007474065001214,0.0017542738582524,0.0033344877191112,137.0,OAT severity: N_affected −20% (R_c × √(1−20/100) = ×0.8944),-0.0001611082764394,-17.7331487165563
MA,MA,CF-S_m30,CF-S,30.0,100,0.0007015210930387,0.0017405812153065,0.0030458468751664,137.0,OAT severity: N_affected −30% (R_c × √(1−30/100) = ×0.8367),-0.0002069936835221,-22.783744289298195
MA,MA,CF-S_m50,CF-S,50.0,100,0.0004865529488707,0.0012043598906403,0.0021398316372742,137.0,OAT severity: N_affected −50% (R_c × √(1−50/100) = ×0.7071),-0.0004219618276901,-46.44523551806447
MA,MA,U_x1p5,U,,100,0.0014787925136931,0.0022995745439045,0.0084347860834354,137.0,Urban counties: R_c × 1.5 (not on CF-D/CF-S dose grid),0.0005702777371322,62.77033151744282
MA,MA,U_x2,U,,100,0.001920452461094,0.0026350179690844,0.0143098982660533,137.0,Urban counties: R_c × 2.0 (not on CF-D/CF-S dose grid),0.0010119376845331,111.38373427052971
MA,MA,K_5km,K,,100,0.0005144099376208,0.0009279982322025,0.0020902544931334,279.0,5 km clustering network (not on CF-D/CF-S dose grid),-0.00039410483894,-43.37902355665612
ME,ME,baseline,baseline,0.0,100,0.0036218665750963,0.0063222391163979,0.0169956376825801,101.0,"OAT reference: 2023 net, pooled outages, no intervention",0.0,0.0
ME,ME,CF-D_nevi_p0,CF-D,0.0,100,0.0036218665750963,0.0063222391163979,0.0169956376825801,101.0,CF-D dose 0 (no nodes added; CRN lock vs baseline),0.0,0.0
ME,ME,CF-D_nevi_p10,CF-D,10.0,100,0.0036078291698392,0.005723346035508,0.014674147002551,112.0,"NEVI corridor coverage: +10% hypernodes every 50 mi on interstate, excluding sites <10 km from existing (main CF-D)",-1.403740525713704e-05,-0.3875737818078971
ME,ME,CF-D_nevi_p20,CF-D,20.0,100,0.0035779090755709,0.0051921941739626,0.0132041117979038,122.0,"NEVI corridor coverage: +20% hypernodes every 50 mi on interstate, excluding sites <10 km from existing (main CF-D)",-4.3957499525392255e-05,-1.2136697643044188
ME,ME,CF-D_nevi_p30,CF-D,30.0,100,0.0032092417882834,0.0045126420951327,0.0122298266758493,132.0,"NEVI corridor coverage: +30% hypernodes every 50 mi on interstate, excluding sites <10 km from existing (main CF-D)",-0.0004126247868128,-11.392600424600714
ME,ME,CF-D_nevi_p50,CF-D,50.0,100,0.0023086662201365,0.0030866790764772,0.0104413737880886,152.0,"NEVI corridor coverage: +50% hypernodes every 50 mi on interstate, excluding sites <10 km from existing (main CF-D)",-0.0013132003549597,-36.25755747020612
ME,ME,CF-S_m0,CF-S,0.0,100,0.0036218665750963,0.0063222391163979,0.0169956376825801,101.0,OAT severity: N_affected −0% (R_c × √(1−0/100) = ×1.0000),0.0,0.0
ME,ME,CF-S_m10,CF-S,10.0,100,0.0032511453564073,0.0061865041421836,0.0150213214390746,101.0,OAT severity: N_affected −10% (R_c × √(1−10/100) = ×0.9487),-0.000370721218689,-10.235639855925433
ME,ME,CF-S_m20,CF-S,20.0,100,0.0027609103539936,0.0052990704230398,0.0130347514949514,101.0,OAT severity: N_affected −20% (R_c × √(1−20/100) = ×0.8944),-0.0008609562211027,-23.77106398735343
ME,ME,CF-S_m30,CF-S,30.0,100,0.0024929670164735,0.0045072922035165,0.0119529948044309,101.0,OAT severity: N_affected −30% (R_c × √(1−30/100) = ×0.8367),-0.0011288995586228,-31.168999056592213
ME,ME,CF-S_m50,CF-S,50.0,100,0.0019882686836439,0.0042407340132299,0.0083376629742182,101.0,OAT severity: N_affected −50% (R_c × √(1−50/100) = ×0.7071),-0.0016335978914523,-45.10375679448997
ME,ME,U_x1p5,U,,100,0.0049313691162015,0.0090089030717017,0.0213432506616998,101.0,Urban counties: R_c × 1.5 (not on CF-D/CF-S dose grid),0.0013095025411051,36.15546056028725
ME,ME,U_x2,U,,100,0.0056402653333883,0.0094941665468645,0.02642559552985,101.0,Urban counties: R_c × 2.0 (not on CF-D/CF-S dose grid),0.0020183987582919,55.72813676158883
ME,ME,K_5km,K,,100,0.0022764566047207,0.0032222533912922,0.0121316455068438,142.0,5 km clustering network (not on CF-D/CF-S dose grid),-0.0013454099703755,-37.146867298384606
MI,MI,baseline,baseline,0.0,100,0.0001750980078734,0.0003006543179096,0.0010166078240402,222.0,"OAT reference: 2023 net, pooled outages, no intervention",0.0,0.0
MI,MI,CF-D_nevi_p0,CF-D,0.0,100,0.0001750980078734,0.0003006543179096,0.0010166078240402,222.0,CF-D dose 0 (no nodes added; CRN lock vs baseline),0.0,0.0
MI,MI,CF-D_nevi_p10,CF-D,10.0,100,0.0001310159915057,0.0002294914863739,0.000834693877551,245.0,"NEVI corridor coverage: +10% hypernodes every 50 mi on interstate, excluding sites <10 km from existing (main CF-D)",-4.4082016367733424e-05,-25.175624156493168
MI,MI,CF-D_nevi_p20,CF-D,20.0,100,0.0001206523133741,0.0001988940875678,0.0007028082873935,267.0,"NEVI corridor coverage: +20% hypernodes every 50 mi on interstate, excluding sites <10 km from existing (main CF-D)",-5.444569449934193e-05,-31.094411158968445
MI,MI,CF-D_nevi_p30,CF-D,30.0,100,9.973554718705488e-05,0.0001736098980973,0.0005998790723291,289.0,"NEVI corridor coverage: +30% hypernodes every 50 mi on interstate, excluding sites <10 km from existing (main CF-D)",-7.536246068642229e-05,-43.0401588240101
MI,MI,CF-D_nevi_p50,CF-D,50.0,100,8.514716906476245e-05,0.0001271232733426,0.0004518256995734,333.0,"NEVI corridor coverage: +50% hypernodes every 50 mi on interstate, excluding sites <10 km from existing (main CF-D)",-8.995083880871473e-05,-51.37170885102911
MI,MI,CF-S_m0,CF-S,0.0,100,0.0001750980078734,0.0003006543179096,0.0010166078240402,222.0,OAT severity: N_affected −0% (R_c × √(1−0/100) = ×1.0000),0.0,0.0
MI,MI,CF-S_m10,CF-S,10.0,100,0.0001538611332774,0.0002904936238641,0.0008866975083191,222.0,OAT severity: N_affected −10% (R_c × √(1−10/100) = ×0.9487),-2.1236874596017405e-05,-12.128564370282731
MI,MI,CF-S_m20,CF-S,20.0,100,0.0001530053359325,0.0002906279357975,0.0008629575521467,222.0,OAT severity: N_affected −20% (R_c × √(1−20/100) = ×0.8944),-2.20926719409337e-05,-12.617317700665952
MI,MI,CF-S_m30,CF-S,30.0,100,0.0001222713417804,0.0002406831305606,0.0006997707166626,222.0,OAT severity: N_affected −30% (R_c × √(1−30/100) = ×0.8367),-5.282666609300591e-05,-30.16976991033362
MI,MI,CF-S_m50,CF-S,50.0,100,0.0001022232872729,0.0002308389103879,0.0004337614641668,222.0,OAT severity: N_affected −50% (R_c × √(1−50/100) = ×0.7071),-7.287472060053952e-05,-41.619388755809
MI,MI,U_x1p5,U,,100,0.0003022052604206,0.0005513867458754,0.0018265562860157,222.0,Urban counties: R_c × 1.5 (not on CF-D/CF-S dose grid),0.0001271072525471,72.5920609211129
MI,MI,U_x2,U,,100,0.0004785749435946,0.0007034142093506,0.0028087208830451,222.0,Urban counties: R_c × 2.0 (not on CF-D/CF-S dose grid),0.0003034769357211,173.31832578040513
MI,MI,K_5km,K,,100,0.0001492700902836,0.0003881649220561,0.000973412456524,334.0,5 km clustering network (not on CF-D/CF-S dose grid),-2.582791758984969e-05,-14.75054908021141
MN,MN,baseline,baseline,0.0,100,6.60074258003e-05,0.0001784752982182,0.0003045654296875,128.0,"OAT reference: 2023 net, pooled outages, no intervention",0.0,0.0
MN,MN,CF-D_nevi_p0,CF-D,0.0,100,6.60074258003e-05,0.0001784752982182,0.0003045654296875,128.0,CF-D dose 0 (no nodes added; CRN lock vs baseline),0.0,0.0
MN,MN,CF-D_nevi_p10,CF-D,10.0,100,5.022271181412789e-05,0.000144184166467,0.0002509934107942,141.0,"NEVI corridor coverage: +10% hypernodes every 50 mi on interstate, excluding sites <10 km from existing (main CF-D)",-1.578471398617211e-05,-23.913542748852915
MN,MN,CF-D_nevi_p20,CF-D,20.0,100,2.839349190310805e-05,7.164260047029774e-05,0.0002104064766402,154.0,"NEVI corridor coverage: +20% hypernodes every 50 mi on interstate, excluding sites <10 km from existing (main CF-D)",-3.7613933897191954e-05,-56.98439749944165
MN,MN,CF-D_nevi_p30,CF-D,30.0,100,2.4085996741190877e-05,6.088696462769977e-05,0.0001789235899458,167.0,"NEVI corridor coverage: +30% hypernodes every 50 mi on interstate, excluding sites <10 km from existing (main CF-D)",-4.192142905910913e-05,-63.51017109186919
MN,MN,CF-D_nevi_p50,CF-D,50.0,100,2.088570975681437e-05,5.252354778301215e-05,0.0001353624131944,192.0,"NEVI corridor coverage: +50% hypernodes every 50 mi on interstate, excluding sites <10 km from existing (main CF-D)",-4.512171604348563e-05,-68.3585452642823
MN,MN,CF-S_m0,CF-S,0.0,100,6.60074258003e-05,0.0001784752982182,0.0003045654296875,128.0,OAT severity: N_affected −0% (R_c × √(1−0/100) = ×1.0000),0.0,0.0
MN,MN,CF-S_m10,CF-S,10.0,100,6.463333793890973e-05,0.000178410783096,0.0002964782714843,128.0,OAT severity: N_affected −10% (R_c × √(1−10/100) = ×0.9487),-1.374087861390273e-06,-2.0817170867221244
MN,MN,CF-S_m20,CF-S,20.0,100,5.725527004862759e-05,0.0001739498444406,0.0002742004394531,128.0,OAT severity: N_affected −20% (R_c × √(1−20/100) = ×0.8944),-8.75215575167241e-06,-13.259350210310174
MN,MN,CF-S_m30,CF-S,30.0,100,5.564490253838519e-05,0.0001741436843446,0.0002647399902343,128.0,OAT severity: N_affected −30% (R_c × √(1−30/100) = ×0.8367),-1.0362523261914816e-05,-15.69902649024031
MN,MN,CF-S_m50,CF-S,50.0,100,4.256011023451818e-05,0.0001563825324828,0.0001387023925781,128.0,OAT severity: N_affected −50% (R_c × √(1−50/100) = ×0.7071),-2.344731556578182e-05,-35.522239023105875
MN,MN,U_x1p5,U,,100,8.059848148205791e-05,0.0001892349294149,0.00041748046875,128.0,Urban counties: R_c × 1.5 (not on CF-D/CF-S dose grid),1.4591055681757909e-05,22.105173023868463
MN,MN,U_x2,U,,100,9.894963770772088e-05,0.0001956341961398,0.00052978515625,128.0,Urban counties: R_c × 2.0 (not on CF-D/CF-S dose grid),3.2942211907420875e-05,49.90682716075735
MN,MN,K_5km,K,,100,5.285861183434584e-05,0.0001027115255948,0.0002137514202752,178.0,5 km clustering network (not on CF-D/CF-S dose grid),-1.3148813965954165e-05,-19.920204138447712
MO,MO,baseline,baseline,0.0,100,8.802950747801182e-05,0.0003432659249389,0.0002156804982745,109.0,"OAT reference: 2023 net, pooled outages, no intervention",0.0,0.0
MO,MO,CF-D_nevi_p0,CF-D,0.0,100,8.802950747801182e-05,0.0003432659249389,0.0002156804982745,109.0,CF-D dose 0 (no nodes added; CRN lock vs baseline),0.0,0.0
MO,MO,CF-D_nevi_p10,CF-D,10.0,100,7.093507507703263e-05,0.0002777322420137,0.0001779513888888,120.0,"NEVI corridor coverage: +10% hypernodes every 50 mi on interstate, excluding sites <10 km from existing (main CF-D)",-1.7094432400979195e-05,-19.418979942889123
MO,MO,CF-D_nevi_p20,CF-D,20.0,100,4.125971597499322e-05,0.0001452265372623,0.0001493211351319,131.0,"NEVI corridor coverage: +20% hypernodes every 50 mi on interstate, excluding sites <10 km from existing (main CF-D)",-4.67697915030186e-05,-53.12967531336108
MO,MO,CF-D_nevi_p30,CF-D,30.0,100,2.463138564828916e-05,6.157285911358123e-05,0.0001270829200555,142.0,"NEVI corridor coverage: +30% hypernodes every 50 mi on interstate, excluding sites <10 km from existing (main CF-D)",-6.339812182972267e-05,-72.01917135065008
MO,MO,CF-D_nevi_p50,CF-D,50.0,100,2.0471256529639546e-05,4.684162050499166e-05,9.527439024390252e-05,164.0,"NEVI corridor coverage: +50% hypernodes every 50 mi on interstate, excluding sites <10 km from existing (main CF-D)",-6.755825094837228e-05,-76.74500617335285
MO,MO,CF-S_m0,CF-S,0.0,100,8.802950747801182e-05,0.0003432659249389,0.0002156804982745,109.0,OAT severity: N_affected −0% (R_c × √(1−0/100) = ×1.0000),0.0,0.0
MO,MO,CF-S_m10,CF-S,10.0,100,8.608066218613454e-05,0.0003435525723117,0.0001891675784866,109.0,OAT severity: N_affected −10% (R_c × √(1−10/100) = ×0.9487),-1.9488452918772813e-06,-2.2138545900237685
MO,MO,CF-S_m20,CF-S,20.0,100,8.430991010954328e-05,0.0003437593140936,0.0001805403585556,109.0,OAT severity: N_affected −20% (R_c × √(1−20/100) = ×0.8944),-3.719597368468544e-06,-4.225398363608512
MO,MO,CF-S_m30,CF-S,30.0,100,4.514802500186116e-05,0.0002367386337993,0.0001515023987879,109.0,OAT severity: N_affected −30% (R_c × √(1−30/100) = ×0.8367),-4.288148247615066e-05,-48.71262341989325
MO,MO,CF-S_m50,CF-S,50.0,100,4.150709482373984e-05,0.0002359961517184,0.0001068933591448,109.0,OAT severity: N_affected −50% (R_c × √(1−50/100) = ×0.7071),-4.652241265427199e-05,-52.84865721405115
MO,MO,U_x1p5,U,,100,0.0001014841229951,0.0003442871118346,0.0003673933170608,109.0,Urban counties: R_c × 1.5 (not on CF-D/CF-S dose grid),1.345461551715886e-05,15.284210831827702
MO,MO,U_x2,U,,100,0.0001089141374677,0.0003446715783945,0.0004357798165137,109.0,Urban counties: R_c × 2.0 (not on CF-D/CF-S dose grid),2.088462998972762e-05,23.724578937288975
MO,MO,K_5km,K,,100,6.927864572132653e-05,0.000300278844973,0.0001731341036546,163.0,5 km clustering network (not on CF-D/CF-S dose grid),-1.8750861756685293e-05,-21.300655080194467
MS,MS,baseline,baseline,0.0,100,0.0009747504383203,0.0044940757160465,0.0023100936524453,31.0,"OAT reference: 2023 net, pooled outages, no intervention",0.0,0.0
MS,MS,CF-D_nevi_p0,CF-D,0.0,100,0.0009747504383203,0.0044940757160465,0.0023100936524453,31.0,CF-D dose 0 (no nodes added; CRN lock vs baseline),0.0,0.0
MS,MS,CF-D_nevi_p10,CF-D,10.0,100,0.0008897090064028,0.0045835848087953,0.0018122448979591,35.0,"NEVI corridor coverage: +10% hypernodes every 50 mi on interstate, excluding sites <10 km from existing (main CF-D)",-8.504143191752139e-05,-8.724431256893064
MS,MS,CF-D_nevi_p20,CF-D,20.0,100,0.000639109315757,0.0031527704807909,0.0015373961218836,38.0,"NEVI corridor coverage: +20% hypernodes every 50 mi on interstate, excluding sites <10 km from existing (main CF-D)",-0.0003356411225632,-34.43354415327649
MS,MS,CF-D_nevi_p30,CF-D,30.0,100,0.0005621419958352,0.0027571261445329,0.0013206424747174,41.0,"NEVI corridor coverage: +30% hypernodes every 50 mi on interstate, excluding sites <10 km from existing (main CF-D)",-0.000412608442485,-42.32964934040626
MS,MS,CF-D_nevi_p50,CF-D,50.0,100,0.0005730106319991,0.0030593032126508,0.0010049796287913,47.0,"NEVI corridor coverage: +50% hypernodes every 50 mi on interstate, excluding sites <10 km from existing (main CF-D)",-0.0004017398063211,-41.21463202554833
MS,MS,CF-S_m0,CF-S,0.0,100,0.0009747504383203,0.0044940757160465,0.0023100936524453,31.0,OAT severity: N_affected −0% (R_c × √(1−0/100) = ×1.0000),0.0,0.0
MS,MS,CF-S_m10,CF-S,10.0,100,0.0009720634949988,0.0044946224868824,0.0022632674297606,31.0,OAT severity: N_affected −10% (R_c × √(1−10/100) = ×0.9487),-2.686943321447656e-06,-0.2756544871195677
MS,MS,CF-S_m20,CF-S,20.0,100,0.0009702903873071,0.0044949741404536,0.0021644120707596,31.0,OAT severity: N_affected −20% (R_c × √(1−20/100) = ×0.8944),-4.460051013185722e-06,-0.457558246485241
MS,MS,CF-S_m30,CF-S,30.0,100,0.0006979540411485,0.0036557867718918,0.0018158168574401,31.0,OAT severity: N_affected −30% (R_c × √(1−30/100) = ×0.8367),-0.0002767963971717,-28.39664249330776
MS,MS,CF-S_m50,CF-S,50.0,100,0.0003896950829561,0.0021356634506218,0.0013111342351716,31.0,OAT severity: N_affected −50% (R_c × √(1−50/100) = ×0.7071),-0.0005850553553641,-60.021040500613935
MS,MS,U_x1p5,U,,100,0.001233595183716,0.0046613371600826,0.0033168574401664,31.0,Urban counties: R_c × 1.5 (not on CF-D/CF-S dose grid),0.0002588447453957,26.554976045125933
MS,MS,U_x2,U,,100,0.0014049012828435,0.0046912240352503,0.0041805411030176,31.0,Urban counties: R_c × 2.0 (not on CF-D/CF-S dose grid),0.0004301508445232,44.12933070996423
MS,MS,K_5km,K,,100,0.000916828097205,0.0040290298890071,0.0017702169625246,39.0,5 km clustering network (not on CF-D/CF-S dose grid),-5.792234111527759e-05,-5.942273923476038
MT,MT,baseline,baseline,0.0,100,0.0006428304295995,0.0023305390025746,0.0015927528393726,43.0,"OAT reference: 2023 net, pooled outages, no intervention",0.0,0.0
MT,MT,CF-D_nevi_p0,CF-D,0.0,100,0.0006428304295995,0.0023305390025746,0.0015927528393726,43.0,CF-D dose 0 (no nodes added; CRN lock vs baseline),0.0,0.0
MT,MT,CF-D_nevi_p10,CF-D,10.0,100,0.0005371168630131,0.0018612258276831,0.0012782118055555,48.0,"NEVI corridor coverage: +10% hypernodes every 50 mi on interstate, excluding sites <10 km from existing (main CF-D)",-0.0001057135665864,-16.445015935584465
MT,MT,CF-D_nevi_p20,CF-D,20.0,100,0.0005079078110607,0.0017034546542786,0.0010891272189349,52.0,"NEVI corridor coverage: +20% hypernodes every 50 mi on interstate, excluding sites <10 km from existing (main CF-D)",-0.0001349226185388,-20.988835052953085
MT,MT,CF-D_nevi_p30,CF-D,30.0,100,0.0004424406723105,0.0014062623784575,0.0009390943877551,56.0,"NEVI corridor coverage: +30% hypernodes every 50 mi on interstate, excluding sites <10 km from existing (main CF-D)",-0.000200389757289,-31.173035385685427
MT,MT,CF-D_nevi_p50,CF-D,50.0,100,0.0004472851556423,0.001636753313893,0.0008112426035502,65.0,"NEVI corridor coverage: +50% hypernodes every 50 mi on interstate, excluding sites <10 km from existing (main CF-D)",-0.0001955452739571,-30.41941777382832
MT,MT,CF-S_m0,CF-S,0.0,100,0.0006428304295995,0.0023305390025746,0.0015927528393726,43.0,OAT severity: N_affected −0% (R_c × √(1−0/100) = ×1.0000),0.0,0.0
MT,MT,CF-S_m10,CF-S,10.0,100,0.0005713644126847,0.0023135739591075,0.0014223904813412,43.0,OAT severity: N_affected −10% (R_c × √(1−10/100) = ×0.9487),-7.146601691478344e-05,-11.117397936389104
MT,MT,CF-S_m20,CF-S,20.0,100,0.0005211102472771,0.0023063530778871,0.001302055164954,43.0,OAT severity: N_affected −20% (R_c × √(1−20/100) = ×0.8944),-0.0001217201823224,-18.935037409208935
MT,MT,CF-S_m30,CF-S,30.0,100,0.0005080475708865,0.0022987484027597,0.0011181719848566,43.0,OAT severity: N_affected −30% (R_c × √(1−30/100) = ×0.8367),-0.000134782858713,-20.967093732169683
MT,MT,CF-S_m50,CF-S,50.0,100,0.000416663891904,0.0022472400788115,0.0008775013520822,43.0,OAT severity: N_affected −50% (R_c × √(1−50/100) = ×0.7071),-0.0002261665376955,-35.18292340896785
MT,MT,U_x1p5,U,,100,0.0006428304295995,0.0023305390025746,0.0015927528393726,43.0,Urban counties: R_c × 1.5 (not on CF-D/CF-S dose grid),0.0,0.0
MT,MT,U_x2,U,,100,0.0006428304295995,0.0023305390025746,0.0015927528393726,43.0,Urban counties: R_c × 2.0 (not on CF-D/CF-S dose grid),0.0,0.0
MT,MT,K_5km,K,,100,0.0005272414252865,0.0020792739096785,0.0013600538254517,51.0,5 km clustering network (not on CF-D/CF-S dose grid),-0.000115589004313,-17.981258974471864
Maryland,Maryland,baseline,baseline,0.0,100,0.0004543957650061,0.0010863023480504,0.035227734375,160.0,"OAT reference: 2023 net, pooled outages, no intervention",0.0,0.0
Maryland,Maryland,CF-D_nevi_p0,CF-D,0.0,100,0.0004543957650061,0.0010863023480504,0.035227734375,160.0,CF-D dose 0 (no nodes added; CRN lock vs baseline),0.0,0.0
Maryland,Maryland,CF-D_nevi_p10,CF-D,10.0,100,0.0004377715165445,0.0009679655697756,0.0012783283832644,176.0,"NEVI corridor coverage: +10% hypernodes every 50 mi on interstate, excluding sites <10 km from existing (main CF-D)",-1.66242484616051e-05,-3.658539480749536
Maryland,Maryland,CF-D_nevi_p20,CF-D,20.0,100,0.0003871545433061,0.0008495549124398,0.0010741509331597,192.0,"NEVI corridor coverage: +20% hypernodes every 50 mi on interstate, excluding sites <10 km from existing (main CF-D)",-6.724122170003691e-05,-14.79794198766837
Maryland,Maryland,CF-D_nevi_p30,CF-D,30.0,100,0.0003485250791865,0.0007733650314748,0.0009152528661242,208.0,"NEVI corridor coverage: +30% hypernodes every 50 mi on interstate, excluding sites <10 km from existing (main CF-D)",-0.0001058706858196,-23.29922371046699
Maryland,Maryland,CF-D_nevi_p50,CF-D,50.0,100,0.0002762134044401,0.0006350085569009,0.0006874565972222,240.0,"NEVI corridor coverage: +50% hypernodes every 50 mi on interstate, excluding sites <10 km from existing (main CF-D)",-0.000178182360566,-39.21303284234048
Maryland,Maryland,CF-S_m0,CF-S,0.0,100,0.0004543957650061,0.0010863023480504,0.035227734375,160.0,OAT severity: N_affected −0% (R_c × √(1−0/100) = ×1.0000),0.0,0.0
Maryland,Maryland,CF-S_m10,CF-S,10.0,100,0.0004005664640771,0.001049964687419,0.03244638671875,160.0,OAT severity: N_affected −10% (R_c × √(1−10/100) = ×0.9487),-5.38293009290701e-05,-11.846347407823574
Maryland,Maryland,CF-S_m20,CF-S,20.0,100,0.0003889446911801,0.0010508719128813,0.03069033203125,160.0,OAT severity: N_affected −20% (R_c × √(1−20/100) = ×0.8944),-6.545107382603611e-05,-14.40397971692044
Maryland,Maryland,CF-S_m30,CF-S,30.0,100,0.0003735154104015,0.0010506799808986,0.02752314453125,160.0,OAT severity: N_affected −30% (R_c × √(1−30/100) = ×0.8367),-8.08803546046071e-05,-17.79953970378806
Maryland,Maryland,CF-S_m50,CF-S,50.0,100,0.0003111616209171,0.0010416293846288,0.019842578125,160.0,OAT severity: N_affected −50% (R_c × √(1−50/100) = ×0.7071),-0.000143234144089,-31.521892394193628
Maryland,Maryland,U_x1p5,U,,100,0.0007414288840714,0.0012817020083008,0.06850380859375,160.0,Urban counties: R_c × 1.5 (not on CF-D/CF-S dose grid),0.0002870331190652,63.16808851890618
Maryland,Maryland,U_x2,U,,100,0.0010864475953429,0.0016915886669577,0.1007295923394097,160.0,Urban counties: R_c × 2.0 (not on CF-D/CF-S dose grid),0.0006320518303367,139.0972097480114
Maryland,Maryland,K_5km,K,,100,0.000273813118111,0.0007242839011193,0.0422206040239601,269.0,5 km clustering network (not on CF-D/CF-S dose grid),-0.0001805826468951,-39.74126979212843
NC,NC,baseline,baseline,0.0,100,0.0004394219397694,0.0012036950778193,0.0018558735643696,208.0,"OAT reference: 2023 net, pooled outages, no intervention",0.0,0.0
NC,NC,CF-D_nevi_p0,CF-D,0.0,100,0.0004394219397694,0.0012036950778193,0.0018558735643696,208.0,CF-D dose 0 (no nodes added; CRN lock vs baseline),0.0,0.0
NC,NC,CF-D_nevi_p10,CF-D,10.0,100,0.0003623318789975,0.0009673488885502,0.0015311018838101,229.0,"NEVI corridor coverage: +10% hypernodes every 50 mi on interstate, excluding sites <10 km from existing (main CF-D)",-7.709006077185525e-05,-17.543516560029833
NC,NC,CF-D_nevi_p20,CF-D,20.0,100,0.0003256501018001,0.000836596944773,0.0012846802222222,250.0,"NEVI corridor coverage: +20% hypernodes every 50 mi on interstate, excluding sites <10 km from existing (main CF-D)",-0.0001137718379693,-25.891251135303555
NC,NC,CF-D_nevi_p30,CF-D,30.0,100,0.0003040458769192,0.0008187558899261,0.0010932927641084,271.0,"NEVI corridor coverage: +30% hypernodes every 50 mi on interstate, excluding sites <10 km from existing (main CF-D)",-0.0001353760628501,-30.80776142428675
NC,NC,CF-D_nevi_p50,CF-D,50.0,100,0.0002474625689365,0.0007118262359199,0.0008248326952754,312.0,"NEVI corridor coverage: +50% hypernodes every 50 mi on interstate, excluding sites <10 km from existing (main CF-D)",-0.0001919593708328,-43.6845212903023
NC,NC,CF-S_m0,CF-S,0.0,100,0.0004394219397694,0.0012036950778193,0.0018558735643696,208.0,OAT severity: N_affected −0% (R_c × √(1−0/100) = ×1.0000),0.0,0.0
NC,NC,CF-S_m10,CF-S,10.0,100,0.0003939721159253,0.0011813537335978,0.0017147053875945,208.0,OAT severity: N_affected −10% (R_c × √(1−10/100) = ×0.9487),-4.5449823844101965e-05,-10.343093899214375
NC,NC,CF-S_m20,CF-S,20.0,100,0.0003599852832532,0.0011543091996369,0.0015345902803459,208.0,OAT severity: N_affected −20% (R_c × √(1−20/100) = ×0.8944),-7.943665651621867e-05,-18.077535354265432
NC,NC,CF-S_m30,CF-S,30.0,100,0.0003368199247008,0.0011555231748561,0.0013783402803459,208.0,OAT severity: N_affected −30% (R_c × √(1−30/100) = ×0.8367),-0.0001026020150685,-23.349315494448803
NC,NC,CF-S_m50,CF-S,50.0,100,0.0003017542653675,0.0010634077822215,0.0009765627568211,208.0,OAT severity: N_affected −50% (R_c × √(1−50/100) = ×0.7071),-0.0001376676744018,-31.329267372063192
NC,NC,U_x1p5,U,,100,0.0004558683051478,0.0012019337802847,0.002115558290701,208.0,Urban counties: R_c × 1.5 (not on CF-D/CF-S dose grid),1.6446365378369634e-05,3.7427274084218536
NC,NC,U_x2,U,,100,0.0004782424721796,0.0011971914297634,0.002624121992624,208.0,Urban counties: R_c × 2.0 (not on CF-D/CF-S dose grid),3.882053241018805e-05,8.834454745376883
NC,NC,K_5km,K,,100,0.0003012041691952,0.0006825245442406,0.001351070853232,324.0,5 km clustering network (not on CF-D/CF-S dose grid),-0.0001382177705741,-31.45445369585324
NE,NE,baseline,baseline,0.0,100,0.0001921196219084,0.0007021434111467,0.0007094490612496,57.0,"OAT reference: 2023 net, pooled outages, no intervention",0.0,0.0
NE,NE,CF-D_nevi_p0,CF-D,0.0,100,0.0001921196219084,0.0007021434111467,0.0007094490612496,57.0,CF-D dose 0 (no nodes added; CRN lock vs baseline),0.0,0.0
NE,NE,CF-D_nevi_p10,CF-D,10.0,100,0.0001486739919001,0.0005526048308922,0.000580750818846,63.0,"NEVI corridor coverage: +10% hypernodes every 50 mi on interstate, excluding sites <10 km from existing (main CF-D)",-4.344563000830567e-05,-22.61384317579656
NE,NE,CF-D_nevi_p20,CF-D,20.0,100,0.0001473492216738,0.0005264637529414,0.0004841419869775,69.0,"NEVI corridor coverage: +20% hypernodes every 50 mi on interstate, excluding sites <10 km from existing (main CF-D)",-4.477040023455819e-05,-23.303398054727108
NE,NE,CF-D_nevi_p30,CF-D,30.0,100,0.0001010957272747,0.0003935702314254,0.0004097777777777,75.0,"NEVI corridor coverage: +30% hypernodes every 50 mi on interstate, excluding sites <10 km from existing (main CF-D)",-9.10238946336406e-05,-47.37876002953268
NE,NE,CF-D_nevi_p50,CF-D,50.0,100,9.160547062846804e-05,0.0003328919772537,0.0003234856679286,86.0,"NEVI corridor coverage: +50% hypernodes every 50 mi on interstate, excluding sites <10 km from existing (main CF-D)",-0.0001005141512799,-52.31852440760586
NE,NE,CF-S_m0,CF-S,0.0,100,0.0001921196219084,0.0007021434111467,0.0007094490612496,57.0,OAT severity: N_affected −0% (R_c × √(1−0/100) = ×1.0000),0.0,0.0
NE,NE,CF-S_m10,CF-S,10.0,100,0.0001669320134772,0.0006854860835445,0.0006378885811018,57.0,OAT severity: N_affected −10% (R_c × √(1−10/100) = ×0.9487),-2.5187608431184776e-05,-13.110377889037242
NE,NE,CF-S_m20,CF-S,20.0,100,0.0001691175804406,0.0006857725557428,0.000620190827947,57.0,OAT severity: N_affected −20% (R_c × √(1−20/100) = ×0.8944),-2.3002041467730665e-05,-11.97277052663268
NE,NE,CF-S_m30,CF-S,30.0,100,0.0001238418681685,0.0005592906600027,0.0005255463219452,57.0,OAT severity: N_affected −30% (R_c × √(1−30/100) = ×0.8367),-6.827775373992589e-05,-35.53918806506348
NE,NE,CF-S_m50,CF-S,50.0,100,9.2184133976543e-05,0.000510241981861,0.000438596491228,57.0,OAT severity: N_affected −50% (R_c × √(1−50/100) = ×0.7071),-9.993548793188714e-05,-52.01732490370991
NE,NE,U_x1p5,U,,100,0.0002065695350884,0.0007041752171782,0.0008571868267159,57.0,Urban counties: R_c × 1.5 (not on CF-D/CF-S dose grid),1.44499131800174e-05,7.521310440067727
NE,NE,U_x2,U,,100,0.000307375450453,0.0009694810711428,0.0011411203447214,57.0,Urban counties: R_c × 2.0 (not on CF-D/CF-S dose grid),0.0001152558285446,59.99170069132333
NE,NE,K_5km,K,,100,0.0001449173154179,0.000531222440288,0.0006173333333333,75.0,5 km clustering network (not on CF-D/CF-S dose grid),-4.720230649044973e-05,-24.569227245797794
NH,NH,baseline,baseline,0.0,100,0.004094552387325,0.0111935342691174,0.01502,50.0,"OAT reference: 2023 net, pooled outages, no intervention",0.0,0.0
NH,NH,CF-D_nevi_p0,CF-D,0.0,100,0.004094552387325,0.0111935342691174,0.01502,50.0,CF-D dose 0 (no nodes added; CRN lock vs baseline),0.0,0.0
NH,NH,CF-D_nevi_p10,CF-D,10.0,100,0.0035525538589464,0.0094189992399944,0.0124132231404958,55.0,"NEVI corridor coverage: +10% hypernodes every 50 mi on interstate, excluding sites <10 km from existing (main CF-D)",-0.0005419985283785,-13.237064204047313
NH,NH,CF-D_nevi_p20,CF-D,20.0,100,0.0021732092641706,0.0053647648035429,0.0104305555555555,60.0,"NEVI corridor coverage: +20% hypernodes every 50 mi on interstate, excluding sites <10 km from existing (main CF-D)",-0.0019213431231543,-46.924375155195406
NH,NH,CF-D_nevi_p30,CF-D,30.0,100,0.0019028391074266,0.0045975874751969,0.008887573964497,65.0,"NEVI corridor coverage: +30% hypernodes every 50 mi on interstate, excluding sites <10 km from existing (main CF-D)",-0.0021917132798983,-53.52754275859191
NH,NH,CF-D_nevi_p50,CF-D,50.0,100,0.0014718219368427,0.0034577336577235,0.0067613333333333,75.0,"NEVI corridor coverage: +50% hypernodes every 50 mi on interstate, excluding sites <10 km from existing (main CF-D)",-0.0026227304504822,-64.05414322212815
NH,NH,CF-S_m0,CF-S,0.0,100,0.004094552387325,0.0111935342691174,0.01502,50.0,OAT severity: N_affected −0% (R_c × √(1−0/100) = ×1.0000),0.0,0.0
NH,NH,CF-S_m10,CF-S,10.0,100,0.0036145006411766,0.0105564833315988,0.014325,50.0,OAT severity: N_affected −10% (R_c × √(1−10/100) = ×0.9487),-0.0004800517461483,-11.724156897697409
NH,NH,CF-S_m20,CF-S,20.0,100,0.0034636460003956,0.0105438717901842,0.013413,50.0,OAT severity: N_affected −20% (R_c × √(1−20/100) = ×0.8944),-0.0006309063869293,-15.408433627137825
NH,NH,CF-S_m30,CF-S,30.0,100,0.0031235217171595,0.0097039495475247,0.012283,50.0,OAT severity: N_affected −30% (R_c × √(1−30/100) = ×0.8367),-0.0009710306701654,-23.715184916705287
NH,NH,CF-S_m50,CF-S,50.0,100,0.0015747853495333,0.004827003058858,0.010198,50.0,OAT severity: N_affected −50% (R_c × √(1−50/100) = ×0.7071),-0.0025197670377916,-61.539499301359726
NH,NH,U_x1p5,U,,100,0.0064426169215549,0.0152983787767405,0.020493,50.0,Urban counties: R_c × 1.5 (not on CF-D/CF-S dose grid),0.0023480645342299,57.346061598786406
NH,NH,U_x2,U,,100,0.0077445206361528,0.0157709448208124,0.030125,50.0,Urban counties: R_c × 2.0 (not on CF-D/CF-S dose grid),0.0036499682488278,89.14205763068479
NH,NH,K_5km,K,,100,0.0029002367845608,0.0067158797945098,0.010619387755102,70.0,5 km clustering network (not on CF-D/CF-S dose grid),-0.0011943156027641,-29.168404499140205
NJ,NJ,baseline,baseline,0.0,100,0.0012443392192828,0.0044818648640119,0.0045732397021396,103.0,"OAT reference: 2023 net, pooled outages, no intervention",0.0,0.0
NJ,NJ,CF-D_nevi_p0,CF-D,0.0,100,0.0012443392192828,0.0044818648640119,0.0045732397021396,103.0,CF-D dose 0 (no nodes added; CRN lock vs baseline),0.0,0.0
NJ,NJ,CF-D_nevi_p10,CF-D,10.0,100,0.0007949001807769,0.0017842852351316,0.0037332640812557,114.0,"NEVI corridor coverage: +10% hypernodes every 50 mi on interstate, excluding sites <10 km from existing (main CF-D)",-0.0004494390385059,-36.11869107243696
NJ,NJ,CF-D_nevi_p20,CF-D,20.0,100,0.0007139281225171,0.0016765056363889,0.0031554045265348,124.0,"NEVI corridor coverage: +20% hypernodes every 50 mi on interstate, excluding sites <10 km from existing (main CF-D)",-0.0005304110967656,-42.62592455065299
NJ,NJ,CF-D_nevi_p30,CF-D,30.0,100,0.0005943990377608,0.00135296977315,0.002702021608376,134.0,"NEVI corridor coverage: +30% hypernodes every 50 mi on interstate, excluding sites <10 km from existing (main CF-D)",-0.000649940181522,-52.23175251975277
NJ,NJ,CF-D_nevi_p50,CF-D,50.0,100,0.0004950708345838,0.0010502662847602,0.0020194588969823,155.0,"NEVI corridor coverage: +50% hypernodes every 50 mi on interstate, excluding sites <10 km from existing (main CF-D)",-0.000749268384699,-60.21415809194429
NJ,NJ,CF-S_m0,CF-S,0.0,100,0.0012443392192828,0.0044818648640119,0.0045732397021396,103.0,OAT severity: N_affected −0% (R_c × √(1−0/100) = ×1.0000),0.0,0.0
NJ,NJ,CF-S_m10,CF-S,10.0,100,0.0010898569543778,0.0043617702657378,0.0041344613064379,103.0,OAT severity: N_affected −10% (R_c × √(1−10/100) = ×0.9487),-0.0001544822649049,-12.414803175133375
NJ,NJ,CF-S_m20,CF-S,20.0,100,0.0006015801848475,0.0015702325043534,0.0036339428786879,103.0,OAT severity: N_affected −20% (R_c × √(1−20/100) = ×0.8944),-0.0006427590344352,-51.65464725975054
NJ,NJ,CF-S_m30,CF-S,30.0,100,0.0004244959163165,0.0011538635991593,0.0030457630313884,103.0,OAT severity: N_affected −30% (R_c × √(1−30/100) = ×0.8367),-0.0008198433029662,-65.88583645533352
NJ,NJ,CF-S_m50,CF-S,50.0,100,0.000376427070723,0.0011575540283566,0.0023821755113582,103.0,OAT severity: N_affected −50% (R_c × √(1−50/100) = ×0.7071),-0.0008679121485598,-69.74883818738952
NJ,NJ,U_x1p5,U,,100,0.0017239063535148,0.0045858455054575,0.0107380525968517,103.0,Urban counties: R_c × 1.5 (not on CF-D/CF-S dose grid),0.0004795671342319,38.53990349258135
NJ,NJ,U_x2,U,,100,0.0021262593920827,0.0042983692220508,0.0187265529267602,103.0,Urban counties: R_c × 2.0 (not on CF-D/CF-S dose grid),0.0008819201727999,70.87457818039496
NJ,NJ,K_5km,K,,100,0.0004753950380901,0.0017130996548601,0.0024848464810773,213.0,5 km clustering network (not on CF-D/CF-S dose grid),-0.0007689441811927,-61.79538258352926
NM,NM,baseline,baseline,0.0,100,0.0008439526609082,0.0038060887880336,0.0033308641975308,45.0,"OAT reference: 2023 net, pooled outages, no intervention",0.0,0.0
NM,NM,CF-D_nevi_p0,CF-D,0.0,100,0.0008439526609082,0.0038060887880336,0.0033308641975308,45.0,CF-D dose 0 (no nodes added; CRN lock vs baseline),0.0,0.0
NM,NM,CF-D_nevi_p10,CF-D,10.0,100,0.0008974225548052,0.0045995629308115,0.002698,50.0,"NEVI corridor coverage: +10% hypernodes every 50 mi on interstate, excluding sites <10 km from existing (main CF-D)",5.346989389698605e-05,6.33565084556277
NM,NM,CF-D_nevi_p20,CF-D,20.0,100,0.0008809157044211,0.0046726316131453,0.0023791152263374,54.0,"NEVI corridor coverage: +20% hypernodes every 50 mi on interstate, excluding sites <10 km from existing (main CF-D)",3.696304351289955e-05,4.379753181075151
NM,NM,CF-D_nevi_p30,CF-D,30.0,100,0.0006950034616895,0.0032298051674428,0.0021042803792013,59.0,"NEVI corridor coverage: +30% hypernodes every 50 mi on interstate, excluding sites <10 km from existing (main CF-D)",-0.0001489491992187,-17.648999300319343
NM,NM,CF-D_nevi_p50,CF-D,50.0,100,0.0006476680871287,0.0029721656966918,0.0016771193771626,68.0,"NEVI corridor coverage: +50% hypernodes every 50 mi on interstate, excluding sites <10 km from existing (main CF-D)",-0.0001962845737795,-23.25777059204872
NM,NM,CF-S_m0,CF-S,0.0,100,0.0008439526609082,0.0038060887880336,0.0033308641975308,45.0,OAT severity: N_affected −0% (R_c × √(1−0/100) = ×1.0000),0.0,0.0
NM,NM,CF-S_m10,CF-S,10.0,100,0.000809866624859,0.0037943375917802,0.0031518518518518,45.0,OAT severity: N_affected −10% (R_c × √(1−10/100) = ×0.9487),-3.408603604925756e-05,-4.038856398956397
NM,NM,CF-S_m20,CF-S,20.0,100,0.0007691248841458,0.0037909050727488,0.0028358024691358,45.0,OAT severity: N_affected −20% (R_c × √(1−20/100) = ×0.8944),-7.48277767624654e-05,-8.86634763162339
NM,NM,CF-S_m30,CF-S,30.0,100,0.0007614709934846,0.003791877103946,0.002737037037037,45.0,OAT severity: N_affected −30% (R_c × √(1−30/100) = ×0.8367),-8.248166742362366e-05,-9.77325758234513
NM,NM,CF-S_m50,CF-S,50.0,100,0.000566534917989,0.003048748415026,0.0018320987654321,45.0,OAT severity: N_affected −50% (R_c × √(1−50/100) = ×0.7071),-0.0002774177429191,-32.87124453409855
NM,NM,U_x1p5,U,,100,0.0008439526609082,0.0038060887880336,0.0033962962962962,45.0,Urban counties: R_c × 1.5 (not on CF-D/CF-S dose grid),0.0,0.0
NM,NM,U_x2,U,,100,0.0008439526609082,0.0038060887880336,0.0036296296296296,45.0,Urban counties: R_c × 2.0 (not on CF-D/CF-S dose grid),0.0,0.0
NM,NM,K_5km,K,,100,0.0007174567845752,0.0028216724113474,0.0023876577408433,57.0,5 km clustering network (not on CF-D/CF-S dose grid),-0.000126495876333,-14.988503762390655
NV,NV,baseline,baseline,0.0,100,0.0006688635799029,0.0019435662579795,0.0034336381627246,59.0,"OAT reference: 2023 net, pooled outages, no intervention",0.0,0.0
NV,NV,CF-D_nevi_p0,CF-D,0.0,100,0.0006688635799029,0.0019435662579795,0.0034336381627246,59.0,CF-D dose 0 (no nodes added; CRN lock vs baseline),0.0,0.0
NV,NV,CF-D_nevi_p10,CF-D,10.0,100,0.000585750584013,0.0014994988313074,0.0028289927679158,65.0,"NEVI corridor coverage: +10% hypernodes every 50 mi on interstate, excluding sites <10 km from existing (main CF-D)",-8.311299588985245e-05,-12.42600111399666
NV,NV,CF-D_nevi_p20,CF-D,20.0,100,0.0004933632430578,0.0011691009442844,0.0023710562278207,71.0,"NEVI corridor coverage: +20% hypernodes every 50 mi on interstate, excluding sites <10 km from existing (main CF-D)",-0.000175500336845,-26.238584685763676
NV,NV,CF-D_nevi_p30,CF-D,30.0,100,0.0004134860588864,0.0009972430713118,0.0020159376698337,77.0,"NEVI corridor coverage: +30% hypernodes every 50 mi on interstate, excluding sites <10 km from existing (main CF-D)",-0.0002553775210165,-38.18080826789433
NV,NV,CF-D_nevi_p50,CF-D,50.0,100,0.0003339423185479,0.0006877799390564,0.0015089628133372,89.0,"NEVI corridor coverage: +50% hypernodes every 50 mi on interstate, excluding sites <10 km from existing (main CF-D)",-0.0003349212613549,-50.07317955681427
NV,NV,CF-S_m0,CF-S,0.0,100,0.0006688635799029,0.0019435662579795,0.0034336381627246,59.0,OAT severity: N_affected −0% (R_c × √(1−0/100) = ×1.0000),0.0,0.0
NV,NV,CF-S_m10,CF-S,10.0,100,0.0006374924561473,0.0019449647307897,0.0031901736410354,59.0,OAT severity: N_affected −10% (R_c × √(1−10/100) = ×0.9487),-3.137112375557478e-05,-4.690212578195529
NV,NV,CF-S_m20,CF-S,20.0,100,0.0005961598454002,0.0019354170837518,0.002682417249194,59.0,OAT severity: N_affected −20% (R_c × √(1−20/100) = ×0.8944),-7.270373450264276e-05,-10.869740360687173
NV,NV,CF-S_m30,CF-S,30.0,100,0.0005644965112614,0.0019310866838444,0.0023786252354048,59.0,OAT severity: N_affected −30% (R_c × √(1−30/100) = ×0.8367),-0.0001043670686414,-15.603640529599934
NV,NV,CF-S_m50,CF-S,50.0,100,0.0005067245780027,0.0019253511622246,0.0018866689010182,59.0,OAT severity: N_affected −50% (R_c × √(1−50/100) = ×0.7071),-0.0001621390019001,-24.240967332031364
NV,NV,U_x1p5,U,,100,0.000715127652999,0.0019423208536895,0.0036821299754221,59.0,Urban counties: R_c × 1.5 (not on CF-D/CF-S dose grid),4.626407309612146e-05,6.916817492565165
NV,NV,U_x2,U,,100,0.0008009376399917,0.0019711617510289,0.004097958760254,59.0,Urban counties: R_c × 2.0 (not on CF-D/CF-S dose grid),0.0001320740600888,19.74603851327367
NV,NV,K_5km,K,,100,0.0003929742733174,0.0011141759717556,0.0019987147707469,86.0,5 km clustering network (not on CF-D/CF-S dose grid),-0.0002758893065854,-41.24747031757199
NY,NY,baseline,baseline,0.0,100,0.0001169240507153,0.000286505971895,0.000345524656973,373.0,"OAT reference: 2023 net, pooled outages, no intervention",0.0,0.0
NY,NY,CF-D_nevi_p0,CF-D,0.0,100,0.0001169240507153,0.000286505971895,0.000345524656973,373.0,CF-D dose 0 (no nodes added; CRN lock vs baseline),0.0,0.0
NY,NY,CF-D_nevi_p10,CF-D,10.0,100,0.000102322712431,0.0002493386652027,0.0002845856939042,411.0,"NEVI corridor coverage: +10% hypernodes every 50 mi on interstate, excluding sites <10 km from existing (main CF-D)",-1.4601338284323044e-05,-12.487882685375256
NY,NY,CF-D_nevi_p20,CF-D,20.0,100,8.757442103062251e-05,0.0002206297796668,0.000239519391741,448.0,"NEVI corridor coverage: +20% hypernodes every 50 mi on interstate, excluding sites <10 km from existing (main CF-D)",-2.9349629684739222e-05,-25.101447910137452
NY,NY,CF-D_nevi_p30,CF-D,30.0,100,7.450840151910274e-05,0.0001874499095109,0.0002043681581464,485.0,"NEVI corridor coverage: +30% hypernodes every 50 mi on interstate, excluding sites <10 km from existing (main CF-D)",-4.2415649196259e-05,-36.276239949567824
NY,NY,CF-D_nevi_p50,CF-D,50.0,100,5.110996829090085e-05,0.0001330189101169,0.0001532924107142,560.0,"NEVI corridor coverage: +50% hypernodes every 50 mi on interstate, excluding sites <10 km from existing (main CF-D)",-6.58140824244609e-05,-56.28789117533891
NY,NY,CF-S_m0,CF-S,0.0,100,0.0001169240507153,0.000286505971895,0.000345524656973,373.0,OAT severity: N_affected −0% (R_c × √(1−0/100) = ×1.0000),0.0,0.0
NY,NY,CF-S_m10,CF-S,10.0,100,0.0001116314249016,0.0002856933816596,0.0003262619583264,373.0,OAT severity: N_affected −10% (R_c × √(1−10/100) = ×0.9487),-5.292625813706821e-06,-4.526550167673471
NY,NY,CF-S_m20,CF-S,20.0,100,0.0001074024457561,0.0002830048739377,0.0002935405271366,373.0,OAT severity: N_affected −20% (R_c × √(1−20/100) = ×0.8944),-9.521604959251944e-06,-8.1434101033937
NY,NY,CF-S_m30,CF-S,30.0,100,0.0001005209235323,0.0002826482128864,0.0002715465503238,373.0,OAT severity: N_affected −30% (R_c × √(1−30/100) = ×0.8367),-1.640312718301767e-05,-14.02887351461096
NY,NY,CF-S_m50,CF-S,50.0,100,8.033026937104827e-05,0.0002573294839783,0.0001873441194862,373.0,OAT severity: N_affected −50% (R_c × √(1−50/100) = ×0.7071),-3.659378134431348e-05,-31.297052334764608
NY,NY,U_x1p5,U,,100,0.0001438567135361,0.0002997010512031,0.0006136571095889,373.0,Urban counties: R_c × 1.5 (not on CF-D/CF-S dose grid),2.6932662820792724e-05,23.034322413578725
NY,NY,U_x2,U,,100,0.0001799517967902,0.000350242668021,0.0009728740952641,373.0,Urban counties: R_c × 2.0 (not on CF-D/CF-S dose grid),6.302774607493159e-05,53.90486019712527
NY,NY,K_5km,K,,100,7.255735727965275e-05,0.0001656101735438,0.0001983732026856,613.0,5 km clustering network (not on CF-D/CF-S dose grid),-4.436669343570899e-05,-37.94488230972655
OH,OH,baseline,baseline,0.0,100,9.215765366544843e-05,0.0002074445511366,0.0003670465953265,204.0,"OAT reference: 2023 net, pooled outages, no intervention",0.0,0.0
OH,OH,CF-D_nevi_p0,CF-D,0.0,100,9.215765366544843e-05,0.0002074445511366,0.0003670465953265,204.0,CF-D dose 0 (no nodes added; CRN lock vs baseline),0.0,0.0
OH,OH,CF-D_nevi_p10,CF-D,10.0,100,6.544173420019889e-05,0.0002005808137165,0.0003017286145404,225.0,"NEVI corridor coverage: +10% hypernodes every 50 mi on interstate, excluding sites <10 km from existing (main CF-D)",-2.6715919465249548e-05,-28.98936594266378
OH,OH,CF-D_nevi_p20,CF-D,20.0,100,6.361993502607474e-05,0.000226294577279,0.0002544774862325,245.0,"NEVI corridor coverage: +20% hypernodes every 50 mi on interstate, excluding sites <10 km from existing (main CF-D)",-2.853771863937369e-05,-30.966194889218407
OH,OH,CF-D_nevi_p30,CF-D,30.0,100,6.17103030504746e-05,0.0002019723325964,0.0002239387629474,266.0,"NEVI corridor coverage: +30% hypernodes every 50 mi on interstate, excluding sites <10 km from existing (main CF-D)",-3.044735061497384e-05,-33.038330951332696
OH,OH,CF-D_nevi_p50,CF-D,50.0,100,5.125575439334401e-05,0.0001164990681986,0.0001883891997854,306.0,"NEVI corridor coverage: +50% hypernodes every 50 mi on interstate, excluding sites <10 km from existing (main CF-D)",-4.090189927210443e-05,-44.38253107070942
OH,OH,CF-S_m0,CF-S,0.0,100,9.215765366544843e-05,0.0002074445511366,0.0003670465953265,204.0,OAT severity: N_affected −0% (R_c × √(1−0/100) = ×1.0000),0.0,0.0
OH,OH,CF-S_m10,CF-S,10.0,100,8.045705837651236e-05,0.0001925193507898,0.0003549118394634,204.0,OAT severity: N_affected −10% (R_c × √(1−10/100) = ×0.9487),-1.1700595288936078e-05,-12.696281669031732
OH,OH,CF-S_m20,CF-S,20.0,100,7.04170109597241e-05,0.0001831243402243,0.0003337661262762,204.0,OAT severity: N_affected −20% (R_c × √(1−20/100) = ×0.8944),-2.174064270572434e-05,-23.59070770686873
OH,OH,CF-S_m30,CF-S,30.0,100,6.898736765415972e-05,0.00018339640987,0.0003208504207783,204.0,OAT severity: N_affected −30% (R_c × √(1−30/100) = ×0.8367),-2.317028601128872e-05,-25.142009469340124
OH,OH,CF-S_m50,CF-S,50.0,100,5.140873863456622e-05,0.0001630480554021,0.0002381899055918,204.0,OAT severity: N_affected −50% (R_c × √(1−50/100) = ×0.7071),-4.074891503088222e-05,-44.21652831875397
OH,OH,U_x1p5,U,,100,0.0001309087179561,0.0002276850491204,0.0005790444513862,204.0,Urban counties: R_c × 1.5 (not on CF-D/CF-S dose grid),3.875106429074804e-05,42.04866633369651
OH,OH,U_x2,U,,100,0.0002094519164733,0.0002970413596735,0.0008825935671109,204.0,Urban counties: R_c × 2.0 (not on CF-D/CF-S dose grid),0.0001172942628079,127.27566093831436
OH,OH,K_5km,K,,100,5.590349947214303e-05,0.0001034183604433,0.0002015611162126,330.0,5 km clustering network (not on CF-D/CF-S dose grid),-3.625415419330541e-05,-39.33927650210754
OK,OK,baseline,baseline,0.0,100,0.0001703684037806,0.0004968406334223,0.0018797176747377,101.0,"OAT reference: 2023 net, pooled outages, no intervention",0.0,0.0
OK,OK,CF-D_nevi_p0,CF-D,0.0,100,0.0001703684037806,0.0004968406334223,0.0018797176747377,101.0,CF-D dose 0 (no nodes added; CRN lock vs baseline),0.0,0.0
OK,OK,CF-D_nevi_p10,CF-D,10.0,100,0.0001507784931936,0.0004285092770766,0.001528619260204,112.0,"NEVI corridor coverage: +10% hypernodes every 50 mi on interstate, excluding sites <10 km from existing (main CF-D)",-1.9589910586997845e-05,-11.498558507491207
OK,OK,CF-D_nevi_p20,CF-D,20.0,100,0.0001228295731787,0.0003321619117117,0.001288296156947,122.0,"NEVI corridor coverage: +20% hypernodes every 50 mi on interstate, excluding sites <10 km from existing (main CF-D)",-4.75388306018878e-05,-27.90354874903444
OK,OK,CF-D_nevi_p30,CF-D,30.0,100,9.88819737689676e-05,0.0002577083492474,0.0011004935720844,132.0,"NEVI corridor coverage: +30% hypernodes every 50 mi on interstate, excluding sites <10 km from existing (main CF-D)",-7.148643001169059e-05,-41.95991065557333
OK,OK,CF-D_nevi_p50,CF-D,50.0,100,7.067920572677115e-05,0.0001721735607844,0.000829942867036,152.0,"NEVI corridor coverage: +50% hypernodes every 50 mi on interstate, excluding sites <10 km from existing (main CF-D)",-9.968919805388704e-05,-58.51390037217962
OK,OK,CF-S_m0,CF-S,0.0,100,0.0001703684037806,0.0004968406334223,0.0018797176747377,101.0,OAT severity: N_affected −0% (R_c × √(1−0/100) = ×1.0000),0.0,0.0
OK,OK,CF-S_m10,CF-S,10.0,100,0.0001520582572182,0.0004772237179113,0.0017625722968336,101.0,OAT severity: N_affected −10% (R_c × √(1−10/100) = ×0.9487),-1.8310146562378423e-05,-10.747383996126375
OK,OK,CF-S_m20,CF-S,20.0,100,9.751098807092196e-05,0.0002438628196997,0.0013410449955886,101.0,OAT severity: N_affected −20% (R_c × √(1−20/100) = ×0.8944),-7.285741570973624e-05,-42.76462894113685
OK,OK,CF-S_m30,CF-S,30.0,100,9.059993218477968e-05,0.0002434785047699,0.0013165375943534,101.0,OAT severity: N_affected −30% (R_c × √(1−30/100) = ×0.8367),-7.976847159587852e-05,-46.82116509031622
OK,OK,CF-S_m50,CF-S,50.0,100,6.050545100981497e-05,0.0001941278504739,0.0012106656210175,101.0,OAT severity: N_affected −50% (R_c × √(1−50/100) = ×0.7071),-0.0001098629527708,-64.4855209844467
OK,OK,U_x1p5,U,,100,0.0001759705798366,0.0004961840575546,0.0025438682482109,101.0,Urban counties: R_c × 1.5 (not on CF-D/CF-S dose grid),5.602176055956819e-06,3.288271728582592
OK,OK,U_x2,U,,100,0.0003199686516405,0.0014305833699158,0.0032626703264385,101.0,Urban counties: R_c × 2.0 (not on CF-D/CF-S dose grid),0.0001496002478599,87.8098547266509
OK,OK,K_5km,K,,100,0.0002728878030739,0.0012052886331025,0.0013995064279155,132.0,5 km clustering network (not on CF-D/CF-S dose grid),0.0001025193992933,60.17512462305648
OR,OR,baseline,baseline,0.0,100,0.0002084334434233,0.0007061648582208,0.0010851932703526,163.0,"OAT reference: 2023 net, pooled outages, no intervention",0.0,0.0
OR,OR,CF-D_nevi_p0,CF-D,0.0,100,0.0002084334434233,0.0007061648582208,0.0010851932703526,163.0,CF-D dose 0 (no nodes added; CRN lock vs baseline),0.0,0.0
OR,OR,CF-D_nevi_p10,CF-D,10.0,100,0.0001716939932408,0.0005379719627522,0.0008898919753086,180.0,"NEVI corridor coverage: +10% hypernodes every 50 mi on interstate, excluding sites <10 km from existing (main CF-D)",-3.673945018249113e-05,-17.62646606948972
OR,OR,CF-D_nevi_p20,CF-D,20.0,100,0.0001501798312892,0.0004417995133504,0.00075053363182,196.0,"NEVI corridor coverage: +20% hypernodes every 50 mi on interstate, excluding sites <10 km from existing (main CF-D)",-5.825361213413396e-05,-27.948303869742453
OR,OR,CF-D_nevi_p30,CF-D,30.0,100,0.0001159079108951,0.0003384664315541,0.0006415205589177,212.0,"NEVI corridor coverage: +30% hypernodes every 50 mi on interstate, excluding sites <10 km from existing (main CF-D)",-9.252553252822036e-05,-44.39092451218496
OR,OR,CF-D_nevi_p50,CF-D,50.0,100,8.55007599251003e-05,0.000246136393233,0.0004803415243648,245.0,"NEVI corridor coverage: +50% hypernodes every 50 mi on interstate, excluding sites <10 km from existing (main CF-D)",-0.0001229326834982,-58.97934682611031
OR,OR,CF-S_m0,CF-S,0.0,100,0.0002084334434233,0.0007061648582208,0.0010851932703526,163.0,OAT severity: N_affected −0% (R_c × √(1−0/100) = ×1.0000),0.0,0.0
OR,OR,CF-S_m10,CF-S,10.0,100,0.0002017370367113,0.0007057963199537,0.0010400278520079,163.0,OAT severity: N_affected −10% (R_c × √(1−10/100) = ×0.9487),-6.696406712000956e-06,-3.2127314129714266
OR,OR,CF-S_m20,CF-S,20.0,100,0.0001744285465195,0.0006958214837197,0.0009274906846324,163.0,OAT severity: N_affected −20% (R_c × √(1−20/100) = ×0.8944),-3.40048969038643e-05,-16.31451092749637
OR,OR,CF-S_m30,CF-S,30.0,100,9.861698741182744e-05,0.0003694531023992,0.0007459821596597,163.0,OAT severity: N_affected −30% (R_c × √(1−30/100) = ×0.8367),-0.0001098164560115,-52.68658148514493
OR,OR,CF-S_m50,CF-S,50.0,100,7.731149700101382e-05,0.000350966722256,0.0005979713199593,163.0,OAT severity: N_affected −50% (R_c × √(1−50/100) = ×0.7071),-0.0001311219464223,-62.90830505353453
OR,OR,U_x1p5,U,,100,0.0004010215034175,0.001424611760968,0.0019253641461854,163.0,Urban counties: R_c × 1.5 (not on CF-D/CF-S dose grid),0.0001925880599941,92.3978689940542
OR,OR,U_x2,U,,100,0.0009108111798297,0.0046798384591563,0.0035357935940381,163.0,Urban counties: R_c × 2.0 (not on CF-D/CF-S dose grid),0.0007023777364063,336.97938529932463
OR,OR,K_5km,K,,100,0.0002152627947273,0.0008313583728279,0.0006670519770408,224.0,5 km clustering network (not on CF-D/CF-S dose grid),6.829351304012084e-06,3.2765141677096303
PA,PA,baseline,baseline,0.0,100,7.81904080575677e-05,0.00018143399758,0.0003396448914204,212.0,"OAT reference: 2023 net, pooled outages, no intervention",0.0,0.0
PA,PA,CF-D_nevi_p0,CF-D,0.0,100,7.81904080575677e-05,0.00018143399758,0.0003396448914204,212.0,CF-D dose 0 (no nodes added; CRN lock vs baseline),0.0,0.0
PA,PA,CF-D_nevi_p10,CF-D,10.0,100,6.064476981892119e-05,0.0001318824259393,0.0002787822339104,234.0,"NEVI corridor coverage: +10% hypernodes every 50 mi on interstate, excluding sites <10 km from existing (main CF-D)",-1.7545638238646506e-05,-22.43962996807553
PA,PA,CF-D_nevi_p20,CF-D,20.0,100,5.58651801745741e-05,0.0001153088835354,0.0002347558631295,255.0,"NEVI corridor coverage: +20% hypernodes every 50 mi on interstate, excluding sites <10 km from existing (main CF-D)",-2.23252278829936e-05,-28.552386971246708
PA,PA,CF-D_nevi_p30,CF-D,30.0,100,4.728112177363365e-05,0.0001017940908657,0.0002003911993278,276.0,"NEVI corridor coverage: +30% hypernodes every 50 mi on interstate, excluding sites <10 km from existing (main CF-D)",-3.090928628393405e-05,-39.530790351135
PA,PA,CF-D_nevi_p50,CF-D,50.0,100,3.719097269348755e-05,8.576964165389875e-05,0.0001509532850757,318.0,"NEVI corridor coverage: +50% hypernodes every 50 mi on interstate, excluding sites <10 km from existing (main CF-D)",-4.099943536408015e-05,-52.43537715507803
PA,PA,CF-S_m0,CF-S,0.0,100,7.81904080575677e-05,0.00018143399758,0.0003396448914204,212.0,OAT severity: N_affected −0% (R_c × √(1−0/100) = ×1.0000),0.0,0.0
PA,PA,CF-S_m10,CF-S,10.0,100,6.350948711437078e-05,0.0001512593376589,0.000317061231755,212.0,OAT severity: N_affected −10% (R_c × √(1−10/100) = ×0.9487),-1.468092094319692e-05,-18.77585922353557
PA,PA,CF-S_m20,CF-S,20.0,100,5.698501042051198e-05,0.0001459828299957,0.0003007075471698,212.0,OAT severity: N_affected −20% (R_c × √(1−20/100) = ×0.8944),-2.120539763705572e-05,-27.120203313740536
PA,PA,CF-S_m30,CF-S,30.0,100,5.109535128703754e-05,0.0001271744518874,0.0002791251334994,212.0,OAT severity: N_affected −30% (R_c × √(1−30/100) = ×0.8367),-2.7095056770530155e-05,-34.65266065702255
PA,PA,CF-S_m50,CF-S,50.0,100,3.813531000441077e-05,0.0001173142872473,0.0002005829476682,212.0,OAT severity: N_affected −50% (R_c × √(1−50/100) = ×0.7071),-4.0055098053156925e-05,-51.227636545478
PA,PA,U_x1p5,U,,100,0.0001296502162092,0.0002119659988743,0.0006336774652901,212.0,Urban counties: R_c × 1.5 (not on CF-D/CF-S dose grid),5.145980815167141e-05,65.81345388782742
PA,PA,U_x2,U,,100,0.0002080570045582,0.0002332644569941,0.0010249421502314,212.0,Urban counties: R_c × 2.0 (not on CF-D/CF-S dose grid),0.0001298665965006,166.09018897186488
PA,PA,K_5km,K,,100,4.485216065735376e-05,7.068171559338885e-05,0.0001919711424858,368.0,5 km clustering network (not on CF-D/CF-S dose grid),-3.333824740021394e-05,-42.63725977190022
SC,SC,baseline,baseline,0.0,100,0.0002580664806059,0.000921875307853,0.0010778310819341,89.0,"OAT reference: 2023 net, pooled outages, no intervention",0.0,0.0
SC,SC,CF-D_nevi_p0,CF-D,0.0,100,0.0002580664806059,0.000921875307853,0.0010778310819341,89.0,CF-D dose 0 (no nodes added; CRN lock vs baseline),0.0,0.0
SC,SC,CF-D_nevi_p10,CF-D,10.0,100,0.0002234727910248,0.0007513070246051,0.0008889525197834,98.0,"NEVI corridor coverage: +10% hypernodes every 50 mi on interstate, excluding sites <10 km from existing (main CF-D)",-3.45936895811559e-05,-13.404952669531902
SC,SC,CF-D_nevi_p20,CF-D,20.0,100,0.0001988548174883,0.0006050318418541,0.0007456983142632,107.0,"NEVI corridor coverage: +20% hypernodes every 50 mi on interstate, excluding sites <10 km from existing (main CF-D)",-5.921166311759741e-05,-22.944344797729425
SC,SC,CF-D_nevi_p30,CF-D,30.0,100,0.0001698741572308,0.0005094856805629,0.0006344753269916,116.0,"NEVI corridor coverage: +30% hypernodes every 50 mi on interstate, excluding sites <10 km from existing (main CF-D)",-8.819232337515541e-05,-34.17426516147018
SC,SC,CF-D_nevi_p50,CF-D,50.0,100,0.0001370242515562,0.0004179472148366,0.0004754678102027,134.0,"NEVI corridor coverage: +50% hypernodes every 50 mi on interstate, excluding sites <10 km from existing (main CF-D)",-0.0001210422290496,-46.90350671092974
SC,SC,CF-S_m0,CF-S,0.0,100,0.0002580664806059,0.000921875307853,0.0010778310819341,89.0,OAT severity: N_affected −0% (R_c × √(1−0/100) = ×1.0000),0.0,0.0
SC,SC,CF-S_m10,CF-S,10.0,100,0.0002447170618948,0.0009205088952842,0.0010443757101376,89.0,OAT severity: N_affected −10% (R_c × √(1−10/100) = ×0.9487),-1.3349418711072606e-05,-5.1728603729267935
SC,SC,CF-S_m20,CF-S,20.0,100,0.0002147883670142,0.0008902245111269,0.0009626309809367,89.0,OAT severity: N_affected −20% (R_c × √(1−20/100) = ×0.8944),-4.327811359168508e-05,-16.77014135662424
SC,SC,CF-S_m30,CF-S,30.0,100,0.000129097399679,0.0003775192855461,0.0008616336321171,89.0,OAT severity: N_affected −30% (R_c × √(1−30/100) = ×0.8367),-0.0001289690809268,-49.97513843100884
SC,SC,CF-S_m50,CF-S,50.0,100,0.0001188791757839,0.0003778547899158,0.0007603206665825,89.0,OAT severity: N_affected −50% (R_c × √(1−50/100) = ×0.7071),-0.000139187304822,-53.93467004904824
SC,SC,U_x1p5,U,,100,0.00035278897672,0.0009533884165222,0.0017712410049236,89.0,Urban counties: R_c × 1.5 (not on CF-D/CF-S dose grid),9.472249611410704e-05,36.7046878353557
SC,SC,U_x2,U,,100,0.0004467092626935,0.0010106819712191,0.0025946857158888,89.0,Urban counties: R_c × 2.0 (not on CF-D/CF-S dose grid),0.0001886427820875,73.09852160754183
SC,SC,K_5km,K,,100,0.0001357410505595,0.0004008589878347,0.0007543209876543,135.0,5 km clustering network (not on CF-D/CF-S dose grid),-0.0001223254300464,-47.40074331202536
TN,TN,baseline,baseline,0.0,100,0.0001571969025419,0.0006778916677949,0.0004872411242603,104.0,"OAT reference: 2023 net, pooled outages, no intervention",0.0,0.0
TN,TN,CF-D_nevi_p0,CF-D,0.0,100,0.0001571969025419,0.0006778916677949,0.0004872411242603,104.0,CF-D dose 0 (no nodes added; CRN lock vs baseline),0.0,0.0
TN,TN,CF-D_nevi_p10,CF-D,10.0,100,0.0001199242165497,0.0004344707789526,0.0003984877126654,115.0,"NEVI corridor coverage: +10% hypernodes every 50 mi on interstate, excluding sites <10 km from existing (main CF-D)",-3.727268599222012e-05,-23.71082724246196
TN,TN,CF-D_nevi_p20,CF-D,20.0,100,9.713016838747882e-05,0.0003865974977833,0.00033728,125.0,"NEVI corridor coverage: +20% hypernodes every 50 mi on interstate, excluding sites <10 km from existing (main CF-D)",-6.0066734154458814e-05,-38.211143593261305
TN,TN,CF-D_nevi_p30,CF-D,30.0,100,7.432356978299208e-05,0.0001523760864574,0.0002849264705882,136.0,"NEVI corridor coverage: +30% hypernodes every 50 mi on interstate, excluding sites <10 km from existing (main CF-D)",-8.287333275894555e-05,-52.71944384326292
TN,TN,CF-D_nevi_p50,CF-D,50.0,100,4.41824691382898e-05,8.061106786440048e-05,0.0002203525641025,156.0,"NEVI corridor coverage: +50% hypernodes every 50 mi on interstate, excluding sites <10 km from existing (main CF-D)",-0.0001130144334036,-71.89354979402178
TN,TN,CF-S_m0,CF-S,0.0,100,0.0001571969025419,0.0006778916677949,0.0004872411242603,104.0,OAT severity: N_affected −0% (R_c × √(1−0/100) = ×1.0000),0.0,0.0
TN,TN,CF-S_m10,CF-S,10.0,100,0.00015349494338,0.0006784356591519,0.0004615846893491,104.0,OAT severity: N_affected −10% (R_c × √(1−10/100) = ×0.9487),-3.7019591618412577e-06,-2.3549822559981
TN,TN,CF-S_m20,CF-S,20.0,100,0.0001511092088324,0.0006784625694751,0.00041974852071,104.0,OAT severity: N_affected −20% (R_c × √(1−20/100) = ×0.8944),-6.087693709474112e-06,-3.872655002123857
TN,TN,CF-S_m30,CF-S,30.0,100,0.0001311066730914,0.0006734918362249,0.0003980214497041,104.0,OAT severity: N_affected −30% (R_c × √(1−30/100) = ×0.8367),-2.6090229450454367e-05,-16.597165102215616
TN,TN,CF-S_m50,CF-S,50.0,100,0.0001195307415586,0.000673552778804,0.0003078772189349,104.0,OAT severity: N_affected −50% (R_c × √(1−50/100) = ×0.7071),-3.766616098326464e-05,-23.96113433164875
TN,TN,U_x1p5,U,,100,0.0002446246364142,0.0007273926114978,0.0011291142751479,104.0,Urban counties: R_c × 1.5 (not on CF-D/CF-S dose grid),8.742773387229957e-05,55.61670265670485
TN,TN,U_x2,U,,100,0.0004118124999417,0.0011123186851267,0.0019101331360946,104.0,Urban counties: R_c × 2.0 (not on CF-D/CF-S dose grid),0.0002546155973997,161.97240103498166
TN,TN,K_5km,K,,100,9.553134745236224e-05,0.0001742239544897,0.0003279735110803,152.0,5 km clustering network (not on CF-D/CF-S dose grid),-6.16655550895754e-05,-39.2282252973299
TX,TX,baseline,baseline,0.0,100,7.228860827882044e-05,0.0003070795039638,0.0001300526092213,303.0,"OAT reference: 2023 net, pooled outages, no intervention",0.0,0.0
TX,TX,CF-D_nevi_p0,CF-D,0.0,100,7.228860827882044e-05,0.0003070795039638,0.0001300526092213,303.0,CF-D dose 0 (no nodes added; CRN lock vs baseline),0.0,0.0
TX,TX,CF-D_nevi_p10,CF-D,10.0,100,6.50211548448504e-05,0.0002713341082056,0.0001070314460898,334.0,"NEVI corridor coverage: +10% hypernodes every 50 mi on interstate, excluding sites <10 km from existing (main CF-D)",-7.267453433970042e-06,-10.053386843386368
TX,TX,CF-D_nevi_p20,CF-D,20.0,100,6.23558107949704e-05,0.0002757968727362,9.01159280280156e-05,364.0,"NEVI corridor coverage: +20% hypernodes every 50 mi on interstate, excluding sites <10 km from existing (main CF-D)",-9.932797483850049e-06,-13.740474080699958
TX,TX,CF-D_nevi_p30,CF-D,30.0,100,4.72790143461541e-05,0.0002006135919132,7.691514854801597e-05,394.0,"NEVI corridor coverage: +30% hypernodes every 50 mi on interstate, excluding sites <10 km from existing (main CF-D)",-2.5009593932666345e-05,-34.59686737390656
TX,TX,CF-D_nevi_p50,CF-D,50.0,100,4.192979243572159e-05,0.0001904969081151,5.767419393792998e-05,455.0,"NEVI corridor coverage: +50% hypernodes every 50 mi on interstate, excluding sites <10 km from existing (main CF-D)",-3.035881584309885e-05,-41.99668048111193
TX,TX,CF-S_m0,CF-S,0.0,100,7.228860827882044e-05,0.0003070795039638,0.0001300526092213,303.0,OAT severity: N_affected −0% (R_c × √(1−0/100) = ×1.0000),0.0,0.0
TX,TX,CF-S_m10,CF-S,10.0,100,7.142324438991114e-05,0.0003072396193028,0.0001275474082061,303.0,OAT severity: N_affected −10% (R_c × √(1−10/100) = ×0.9487),-8.653638889093065e-07,-1.1970957935329984
TX,TX,CF-S_m20,CF-S,20.0,100,4.405426099168285e-05,0.0002027436784622,9.950004901480338e-05,303.0,OAT severity: N_affected −20% (R_c × √(1−20/100) = ×0.8944),-2.8234347287137596e-05,-39.05781001929991
TX,TX,CF-S_m30,CF-S,30.0,100,4.471551783373767e-05,0.0002035660387193,9.266520711477191e-05,303.0,OAT severity: N_affected −30% (R_c × √(1−30/100) = ×0.8367),-2.757309044508277e-05,-38.14306444900989
TX,TX,CF-S_m50,CF-S,50.0,100,3.7094964808744095e-05,0.000198316278146,7.096254179873518e-05,303.0,OAT severity: N_affected −50% (R_c × √(1−50/100) = ×0.7071),-3.519364347007635e-05,-48.68490943183312
TX,TX,U_x1p5,U,,100,7.930437951357021e-05,0.0003094551255102,0.0001799660164036,303.0,Urban counties: R_c × 1.5 (not on CF-D/CF-S dose grid),7.015771234749769e-06,9.705223826816004
TX,TX,U_x2,U,,100,0.0001214838438552,0.0003950114133999,0.0003063969763312,303.0,Urban counties: R_c × 2.0 (not on CF-D/CF-S dose grid),4.9195235576433326e-05,68.05392543550579
TX,TX,K_5km,K,,100,4.7983699193980326e-05,0.0002003988805656,6.467105708742293e-05,501.0,5 km clustering network (not on CF-D/CF-S dose grid),-2.430490908484012e-05,-33.622045939928704
UT,UT,baseline,baseline,0.0,100,0.0002624677719582,0.0004449770925546,0.0011306061174704,73.0,"OAT reference: 2023 net, pooled outages, no intervention",0.0,0.0
UT,UT,CF-D_nevi_p0,CF-D,0.0,100,0.0002624677719582,0.0004449770925546,0.0011306061174704,73.0,CF-D dose 0 (no nodes added; CRN lock vs baseline),0.0,0.0
UT,UT,CF-D_nevi_p10,CF-D,10.0,100,0.0002869043070989,0.0004368343414635,0.0009183051364121,81.0,"NEVI corridor coverage: +10% hypernodes every 50 mi on interstate, excluding sites <10 km from existing (main CF-D)",2.443653514068336e-05,9.31029930202941
UT,UT,CF-D_nevi_p20,CF-D,20.0,100,0.0002532392604047,0.0003697822161235,0.0007883522727272,88.0,"NEVI corridor coverage: +20% hypernodes every 50 mi on interstate, excluding sites <10 km from existing (main CF-D)",-9.22851155348112e-06,-3.5160551273122467
UT,UT,CF-D_nevi_p30,CF-D,30.0,100,0.0002507581579583,0.0004171511653769,0.0007088642659279,95.0,"NEVI corridor coverage: +30% hypernodes every 50 mi on interstate, excluding sites <10 km from existing (main CF-D)",-1.170961399991964e-05,-4.461353069199356
UT,UT,CF-D_nevi_p50,CF-D,50.0,100,0.0002369853592435,0.0003819570195539,0.0006485537190082,110.0,"NEVI corridor coverage: +50% hypernodes every 50 mi on interstate, excluding sites <10 km from existing (main CF-D)",-2.548241271473344e-05,-9.708777776642416
UT,UT,CF-S_m0,CF-S,0.0,100,0.0002624677719582,0.0004449770925546,0.0011306061174704,73.0,OAT severity: N_affected −0% (R_c × √(1−0/100) = ×1.0000),0.0,0.0
UT,UT,CF-S_m10,CF-S,10.0,100,0.0002409530837554,0.0004357879017558,0.0010311503096265,73.0,OAT severity: N_affected −10% (R_c × √(1−10/100) = ×0.9487),-2.15146882028304e-05,-8.197078080218809
UT,UT,CF-S_m20,CF-S,20.0,100,0.0002001410747674,0.0003960948101396,0.000896509664102,73.0,OAT severity: N_affected −20% (R_c × √(1−20/100) = ×0.8944),-6.232669719081674e-05,-23.74641912254472
UT,UT,CF-S_m30,CF-S,30.0,100,0.0001817037030111,0.0003915972243761,0.0008036216926252,73.0,OAT severity: N_affected −30% (R_c × √(1−30/100) = ×0.8367),-8.07640689471612e-05,-30.77104222913913
UT,UT,CF-S_m50,CF-S,50.0,100,0.0001366011601758,0.0003537513187591,0.0005277725652092,73.0,OAT severity: N_affected −50% (R_c × √(1−50/100) = ×0.7071),-0.0001258666117824,-47.95507305272408
UT,UT,U_x1p5,U,,100,0.0003163908110086,0.0004457887963077,0.0015420341527491,73.0,Urban counties: R_c × 1.5 (not on CF-D/CF-S dose grid),5.3923039050402064e-05,20.54463245071263
UT,UT,U_x2,U,,100,0.0003860590502223,0.00047451184595,0.0022039782323137,73.0,Urban counties: R_c × 2.0 (not on CF-D/CF-S dose grid),0.000123591278264,47.08817289907485
UT,UT,K_5km,K,,100,0.000195381258321,0.0002855628873181,0.0007118854554751,117.0,5 km clustering network (not on CF-D/CF-S dose grid),-6.70865136371898e-05,-25.55990517870317
VA,VA,baseline,baseline,0.0,100,0.0002764613493345,0.0011981865443608,0.0008764244853835,149.0,"OAT reference: 2023 net, pooled outages, no intervention",0.0,0.0
VA,VA,CF-D_nevi_p0,CF-D,0.0,100,0.0002764613493345,0.0011981865443608,0.0008764244853835,149.0,CF-D dose 0 (no nodes added; CRN lock vs baseline),0.0,0.0
VA,VA,CF-D_nevi_p10,CF-D,10.0,100,0.0002219089279455,0.0009311249001891,0.0007234347114812,164.0,"NEVI corridor coverage: +10% hypernodes every 50 mi on interstate, excluding sites <10 km from existing (main CF-D)",-5.455242138898927e-05,-19.73238628846181
VA,VA,CF-D_nevi_p20,CF-D,20.0,100,0.0002034461631132,0.0008322117268105,0.0006072688118348,179.0,"NEVI corridor coverage: +20% hypernodes every 50 mi on interstate, excluding sites <10 km from existing (main CF-D)",-7.301518622129303e-05,-26.410630779687608
VA,VA,CF-D_nevi_p30,CF-D,30.0,100,0.0001374338893043,0.0005493861104209,0.0005169917100648,194.0,"NEVI corridor coverage: +30% hypernodes every 50 mi on interstate, excluding sites <10 km from existing (main CF-D)",-0.0001390274600302,-50.2882085922227
VA,VA,CF-D_nevi_p50,CF-D,50.0,100,0.0001073975633589,0.0004025477215678,0.0003877849968112,224.0,"NEVI corridor coverage: +50% hypernodes every 50 mi on interstate, excluding sites <10 km from existing (main CF-D)",-0.0001690637859755,-61.152774658192925
VA,VA,CF-S_m0,CF-S,0.0,100,0.0002764613493345,0.0011981865443608,0.0008764244853835,149.0,OAT severity: N_affected −0% (R_c × √(1−0/100) = ×1.0000),0.0,0.0
VA,VA,CF-S_m10,CF-S,10.0,100,0.0002580548335523,0.0011475755744224,0.0007151704878158,149.0,OAT severity: N_affected −10% (R_c × √(1−10/100) = ×0.9487),-1.8406515782242925e-05,-6.657898410228856
VA,VA,CF-S_m20,CF-S,20.0,100,0.0001006117071135,0.0002488741793862,0.0004606774469618,149.0,OAT severity: N_affected −20% (R_c × √(1−20/100) = ×0.8944),-0.000175849642221,-63.60731532428936
VA,VA,CF-S_m30,CF-S,30.0,100,9.737938709010746e-05,0.0002492346310711,0.0004479527949191,149.0,OAT severity: N_affected −30% (R_c × √(1−30/100) = ×0.8367),-0.0001790819622444,-64.77649142475116
VA,VA,CF-S_m50,CF-S,50.0,100,4.186058090939623e-05,0.0001137857752408,0.0002084365569118,149.0,OAT severity: N_affected −50% (R_c × √(1−50/100) = ×0.7071),-0.0002346007684251,-84.85843282970504
VA,VA,U_x1p5,U,,100,0.0004305895871903,0.001334303063704,0.0012720147741092,149.0,Urban counties: R_c × 1.5 (not on CF-D/CF-S dose grid),0.0001541282378557,55.7503745918814
VA,VA,U_x2,U,,100,0.0004969643499491,0.0013592903078445,0.0016473357055988,149.0,Urban counties: R_c × 2.0 (not on CF-D/CF-S dose grid),0.0002205030006145,79.75906981041966
VA,VA,K_5km,K,,100,0.0002049977557085,0.0007807970642757,0.000433870412562,247.0,5 km clustering network (not on CF-D/CF-S dose grid),-7.146359362605051e-05,-25.849397681832453
VT,VT,baseline,baseline,0.0,100,0.00351615252328,0.0045576516735872,0.0131118232416933,77.0,"OAT reference: 2023 net, pooled outages, no intervention",0.0,0.0
VT,VT,CF-D_nevi_p0,CF-D,0.0,100,0.00351615252328,0.0045576516735872,0.0131118232416933,77.0,CF-D dose 0 (no nodes added; CRN lock vs baseline),0.0,0.0
VT,VT,CF-D_nevi_p10,CF-D,10.0,100,0.0029492298892354,0.0044837715542197,0.0107598615916954,85.0,"NEVI corridor coverage: +10% hypernodes every 50 mi on interstate, excluding sites <10 km from existing (main CF-D)",-0.0005669226340445,-16.123380038009905
VT,VT,CF-D_nevi_p20,CF-D,20.0,100,0.0013389161354954,0.0019849669313072,0.0089883223494045,93.0,"NEVI corridor coverage: +20% hypernodes every 50 mi on interstate, excluding sites <10 km from existing (main CF-D)",-0.0021772363877845,-61.92098816445916
VT,VT,CF-D_nevi_p30,CF-D,30.0,100,0.0015665517369858,0.0022319468910925,0.0076208214880894,101.0,"NEVI corridor coverage: +30% hypernodes every 50 mi on interstate, excluding sites <10 km from existing (main CF-D)",-0.0019496007862941,-55.446991374410686
VT,VT,CF-D_nevi_p50,CF-D,50.0,100,0.001460371630174,0.0019178322490382,0.005788681629013,116.0,"NEVI corridor coverage: +50% hypernodes every 50 mi on interstate, excluding sites <10 km from existing (main CF-D)",-0.0020557808931059,-58.46677240236024
VT,VT,CF-S_m0,CF-S,0.0,100,0.00351615252328,0.0045576516735872,0.0131118232416933,77.0,OAT severity: N_affected −0% (R_c × √(1−0/100) = ×1.0000),0.0,0.0
VT,VT,CF-S_m10,CF-S,10.0,100,0.0034017877356176,0.00454782160867,0.0120648507336819,77.0,OAT severity: N_affected −10% (R_c × √(1−10/100) = ×0.9487),-0.0001143647876623,-3.252554799745933
VT,VT,CF-S_m20,CF-S,20.0,100,0.0030607444336732,0.0042188160777376,0.0111873840445269,77.0,OAT severity: N_affected −20% (R_c × √(1−20/100) = ×0.8944),-0.0004554080896067,-12.951886659965146
VT,VT,CF-S_m30,CF-S,30.0,100,0.0029696511237971,0.0041985431136371,0.0098663349637375,77.0,OAT severity: N_affected −30% (R_c × √(1−30/100) = ×0.8367),-0.0005465013994828,-15.542596513220754
VT,VT,CF-S_m50,CF-S,50.0,100,0.0020240695054029,0.0029672826311648,0.0074936751560128,77.0,OAT severity: N_affected −50% (R_c × √(1−50/100) = ×0.7071),-0.001492083017877,-42.43510507573717
VT,VT,U_x1p5,U,,100,0.0036926987216326,0.0045719207775694,0.0144349806038117,77.0,Urban counties: R_c × 1.5 (not on CF-D/CF-S dose grid),0.0001765461983526,5.021005123746863
VT,VT,U_x2,U,,100,0.0039235816616356,0.0048774966269794,0.0154693034238488,77.0,Urban counties: R_c × 2.0 (not on CF-D/CF-S dose grid),0.0004074291383556,11.587356795762028
VT,VT,K_5km,K,,100,0.0022831860486372,0.0025348525653978,0.0095171769312922,106.0,5 km clustering network (not on CF-D/CF-S dose grid),-0.0012329664746428,-35.06578473144968
WA,WA,baseline,baseline,0.0,100,0.0001063617617601,0.0002010841524789,0.000456204562717,192.0,"OAT reference: 2023 net, pooled outages, no intervention",0.0,0.0
WA,WA,CF-D_nevi_p0,CF-D,0.0,100,0.0001063617617601,0.0002010841524789,0.000456204562717,192.0,CF-D dose 0 (no nodes added; CRN lock vs baseline),0.0,0.0
WA,WA,CF-D_nevi_p10,CF-D,10.0,100,6.919426106382037e-05,0.0001237204464178,0.0003742440592737,212.0,"NEVI corridor coverage: +10% hypernodes every 50 mi on interstate, excluding sites <10 km from existing (main CF-D)",-3.7167500696316485e-05,-34.94441995059773
WA,WA,CF-D_nevi_p20,CF-D,20.0,100,6.701300300357306e-05,0.0001082753215498,0.0003596732632446,231.0,"NEVI corridor coverage: +20% hypernodes every 50 mi on interstate, excluding sites <10 km from existing (main CF-D)",-3.9348758756563794e-05,-36.99521153598572
WA,WA,CF-D_nevi_p30,CF-D,30.0,100,6.175883318428578e-05,9.899754952449728e-05,0.0003354404,250.0,"NEVI corridor coverage: +30% hypernodes every 50 mi on interstate, excluding sites <10 km from existing (main CF-D)",-4.460292857585108e-05,-41.935116378043794
WA,WA,CF-D_nevi_p50,CF-D,50.0,100,7.937582716544952e-05,0.0001827758651526,0.0003121988932291,288.0,"NEVI corridor coverage: +50% hypernodes every 50 mi on interstate, excluding sites <10 km from existing (main CF-D)",-2.698593459468734e-05,-25.371838664674463
WA,WA,CF-S_m0,CF-S,0.0,100,0.0001063617617601,0.0002010841524789,0.000456204562717,192.0,OAT severity: N_affected −0% (R_c × √(1−0/100) = ×1.0000),0.0,0.0
WA,WA,CF-S_m10,CF-S,10.0,100,9.650800488488651e-05,0.0001864659371154,0.0004151753743489,192.0,OAT severity: N_affected −10% (R_c × √(1−10/100) = ×0.9487),-9.853756875250342e-06,-9.264379145460351
WA,WA,CF-S_m20,CF-S,20.0,100,8.644555766489848e-05,0.0001738373017104,0.0003921176486545,192.0,OAT severity: N_affected −20% (R_c × √(1−20/100) = ×0.8944),-1.991620409523838e-05,-18.72496634660177
WA,WA,CF-S_m30,CF-S,30.0,100,7.307799671017375e-05,0.0001706268216548,0.0003243008083767,192.0,OAT severity: N_affected −30% (R_c × √(1−30/100) = ×0.8367),-3.3283765049963105e-05,-31.292980201873146
WA,WA,CF-S_m50,CF-S,50.0,100,5.427995730722635e-05,0.0001514740790721,0.0002350531684027,192.0,OAT severity: N_affected −50% (R_c × √(1−50/100) = ×0.7071),-5.208180445291051e-05,-48.96666207011828
WA,WA,U_x1p5,U,,100,0.0001971273282956,0.0002927229801628,0.0007815219455295,192.0,Urban counties: R_c × 1.5 (not on CF-D/CF-S dose grid),9.076556653552772e-05,85.33665203874573
WA,WA,U_x2,U,,100,0.0003044009434254,0.000628101845341,0.0011798109266493,192.0,Urban counties: R_c × 2.0 (not on CF-D/CF-S dose grid),0.0001980391816652,186.19396518826585
WA,WA,K_5km,K,,100,6.815476982785512e-05,0.0001063352040801,0.0003088634782425,308.0,5 km clustering network (not on CF-D/CF-S dose grid),-3.8206991932281735e-05,-35.92173662791026
WI,WI,baseline,baseline,0.0,100,0.0001606002071612,0.0006770201774059,0.0005429579239103,126.0,"OAT reference: 2023 net, pooled outages, no intervention",0.0,0.0
WI,WI,CF-D_nevi_p0,CF-D,0.0,100,0.0001606002071612,0.0006770201774059,0.0005429579239103,126.0,CF-D dose 0 (no nodes added; CRN lock vs baseline),0.0,0.0
WI,WI,CF-D_nevi_p10,CF-D,10.0,100,0.0001196379416488,0.0005092784658649,0.0004461466797784,139.0,"NEVI corridor coverage: +10% hypernodes every 50 mi on interstate, excluding sites <10 km from existing (main CF-D)",-4.0962265512399046e-05,-25.50573640995419
WI,WI,CF-D_nevi_p20,CF-D,20.0,100,0.0001142986129653,0.0004911922615079,0.000373095567867,152.0,"NEVI corridor coverage: +20% hypernodes every 50 mi on interstate, excluding sites <10 km from existing (main CF-D)",-4.630159419592886e-05,-28.83034524944811
WI,WI,CF-D_nevi_p30,CF-D,30.0,100,0.0001023116721564,0.0004401751637137,0.000320493753718,164.0,"NEVI corridor coverage: +30% hypernodes every 50 mi on interstate, excluding sites <10 km from existing (main CF-D)",-5.828853500483383e-05,-36.294184195101856
WI,WI,CF-D_nevi_p50,CF-D,50.0,100,7.352544825154557e-05,0.0003246399317738,0.000241314632849,189.0,"NEVI corridor coverage: +50% hypernodes every 50 mi on interstate, excluding sites <10 km from existing (main CF-D)",-8.707475890974464e-05,-54.21833536135839
WI,WI,CF-S_m0,CF-S,0.0,100,0.0001606002071612,0.0006770201774059,0.0005429579239103,126.0,OAT severity: N_affected −0% (R_c × √(1−0/100) = ×1.0000),0.0,0.0
WI,WI,CF-S_m10,CF-S,10.0,100,0.0001546017377005,0.000677086728362,0.0005281557067271,126.0,OAT severity: N_affected −10% (R_c × √(1−10/100) = ×0.9487),-5.998469460744617e-06,-3.73503220622896
WI,WI,CF-S_m20,CF-S,20.0,100,0.0001524140974319,0.0006774439363796,0.000514770723104,126.0,OAT severity: N_affected −20% (R_c × √(1−20/100) = ×0.8944),-8.186109729370968e-06,-5.097197490629441
WI,WI,CF-S_m30,CF-S,30.0,100,5.37203813486995e-05,0.0002090946455141,0.0003642290249433,126.0,OAT severity: N_affected −30% (R_c × √(1−30/100) = ×0.8367),-0.0001068798258125,-66.55024156055521
WI,WI,CF-S_m50,CF-S,50.0,100,4.841919676539431e-05,0.0002079623244644,0.0002684870244394,126.0,OAT severity: N_affected −50% (R_c × √(1−50/100) = ×0.7071),-0.0001121810103958,-69.85109943428213
WI,WI,U_x1p5,U,,100,0.0001788266225753,0.0007299009771317,0.0007125535399344,126.0,Urban counties: R_c × 1.5 (not on CF-D/CF-S dose grid),1.822641541404294e-05,11.348936428044713
WI,WI,U_x2,U,,100,0.0002045925114584,0.0007314879159189,0.0009446649029982,126.0,Urban counties: R_c × 2.0 (not on CF-D/CF-S dose grid),4.399230429714604e-05,27.392433095036257
WI,WI,K_5km,K,,100,0.0001289370420525,0.0004742130184527,0.0004133991346673,172.0,5 km clustering network (not on CF-D/CF-S dose grid),-3.166316510869291e-05,-19.71551946809988
WV,WV,baseline,baseline,0.0,100,0.000864072001522,0.0018792701234288,0.003598,50.0,"OAT reference: 2023 net, pooled outages, no intervention",0.0,0.0
WV,WV,CF-D_nevi_p0,CF-D,0.0,100,0.000864072001522,0.0018792701234288,0.003598,50.0,CF-D dose 0 (no nodes added; CRN lock vs baseline),0.0,0.0
WV,WV,CF-D_nevi_p10,CF-D,10.0,100,0.0006917497045242,0.0014769272682743,0.0029735537190082,55.0,"NEVI corridor coverage: +10% hypernodes every 50 mi on interstate, excluding sites <10 km from existing (main CF-D)",-0.0001723222969978,-19.94304834484553
WV,WV,CF-D_nevi_p20,CF-D,20.0,100,0.0006018603051888,0.0013116235590409,0.0024986111111111,60.0,"NEVI corridor coverage: +20% hypernodes every 50 mi on interstate, excluding sites <10 km from existing (main CF-D)",-0.0002622116963332,-30.34604707378314
WV,WV,CF-D_nevi_p30,CF-D,30.0,100,0.0004938245152364,0.0010944183235964,0.0021289940828402,65.0,"NEVI corridor coverage: +30% hypernodes every 50 mi on interstate, excluding sites <10 km from existing (main CF-D)",-0.0003702474862856,-42.84914748231802
WV,WV,CF-D_nevi_p50,CF-D,50.0,100,0.0003409664775722,0.0007882119744523,0.0015991111111111,75.0,"NEVI corridor coverage: +50% hypernodes every 50 mi on interstate, excluding sites <10 km from existing (main CF-D)",-0.0005231055239498,-60.53957575623469
WV,WV,CF-S_m0,CF-S,0.0,100,0.000864072001522,0.0018792701234288,0.003598,50.0,OAT severity: N_affected −0% (R_c × √(1−0/100) = ×1.0000),0.0,0.0
WV,WV,CF-S_m10,CF-S,10.0,100,0.0007736017131139,0.0017417411635218,0.003409,50.0,OAT severity: N_affected −10% (R_c × √(1−10/100) = ×0.9487),-9.047028840809216e-05,-10.470225658131096
WV,WV,CF-S_m20,CF-S,20.0,100,0.0006730044439605,0.0016691843329167,0.002247,50.0,OAT severity: N_affected −20% (R_c × √(1−20/100) = ×0.8944),-0.0001910675575615,-22.11245789992036
WV,WV,CF-S_m30,CF-S,30.0,100,0.0006592715442037,0.0016703806000194,0.002031,50.0,OAT severity: N_affected −30% (R_c × √(1−30/100) = ×0.8367),-0.0002048004573183,-23.70178144385472
WV,WV,CF-S_m50,CF-S,50.0,100,0.0004107434008354,0.000988097168512,0.001487,50.0,OAT severity: N_affected −50% (R_c × √(1−50/100) = ×0.7071),-0.0004533286006865,-52.46421593200972
WV,WV,U_x1p5,U,,100,0.0011666871513637,0.0026608233017719,0.006801,50.0,Urban counties: R_c × 1.5 (not on CF-D/CF-S dose grid),0.0003026151498417,35.02198304176537
WV,WV,U_x2,U,,100,0.0013605210748494,0.0027116886940699,0.009918,50.0,Urban counties: R_c × 2.0 (not on CF-D/CF-S dose grid),0.0004964490733273,57.45459550278503
WV,WV,K_5km,K,,100,0.0006207724095477,0.0013732458222734,0.0029816866728224,57.0,5 km clustering network (not on CF-D/CF-S dose grid),-0.0002432995919742,-28.15732850337933
WY,WY,baseline,baseline,0.0,100,0.0004268139105919,0.0009612704083485,0.002265625,32.0,"OAT reference: 2023 net, pooled outages, no intervention",0.0,0.0
WY,WY,CF-D_nevi_p0,CF-D,0.0,100,0.0004268139105919,0.0009612704083485,0.002265625,32.0,CF-D dose 0 (no nodes added; CRN lock vs baseline),0.0,0.0
WY,WY,CF-D_nevi_p10,CF-D,10.0,100,0.0004618523340764,0.0010029590369591,0.0030690586419753,36.0,"NEVI corridor coverage: +10% hypernodes every 50 mi on interstate, excluding sites <10 km from existing (main CF-D)",3.5038423484486016e-05,8.209297451409405
WY,WY,CF-D_nevi_p20,CF-D,20.0,100,0.0002808585755433,0.0005469482798142,0.002749835634451,39.0,"NEVI corridor coverage: +20% hypernodes every 50 mi on interstate, excluding sites <10 km from existing (main CF-D)",-0.0001459553350486,-34.196480345775555
WY,WY,CF-D_nevi_p30,CF-D,30.0,100,0.000340310837368,0.0006759606317178,0.0027310090702947,42.0,"NEVI corridor coverage: +30% hypernodes every 50 mi on interstate, excluding sites <10 km from existing (main CF-D)",-8.650307322388245e-05,-20.26716352892772
WY,WY,CF-D_nevi_p50,CF-D,50.0,100,0.0002599319164761,0.0005538852033534,0.0022265625,48.0,"NEVI corridor coverage: +50% hypernodes every 50 mi on interstate, excluding sites <10 km from existing (main CF-D)",-0.0001668819941158,-39.099474027072034
WY,WY,CF-S_m0,CF-S,0.0,100,0.0004268139105919,0.0009612704083485,0.002265625,32.0,OAT severity: N_affected −0% (R_c × √(1−0/100) = ×1.0000),0.0,0.0
WY,WY,CF-S_m10,CF-S,10.0,100,0.000373168260586,0.0009147998552425,0.00197509765625,32.0,OAT severity: N_affected −10% (R_c × √(1−10/100) = ×0.9487),-5.364565000586446e-05,-12.568861668885791
WY,WY,CF-S_m20,CF-S,20.0,100,0.000340135015351,0.0008852956601585,0.00164794921875,32.0,OAT severity: N_affected −20% (R_c × √(1−20/100) = ×0.8944),-8.667889524086421e-05,-20.308357597963077
WY,WY,CF-S_m30,CF-S,30.0,100,0.0002778056941258,0.0007101823320228,0.001513671875,32.0,OAT severity: N_affected −30% (R_c × √(1−30/100) = ×0.8367),-0.0001490082164661,-34.91175258544634
WY,WY,CF-S_m50,CF-S,50.0,100,0.0002168504113615,0.0006637200173532,0.00119384765625,32.0,OAT severity: N_affected −50% (R_c × √(1−50/100) = ×0.7071),-0.0002099634992304,-49.19321840734086
WY,WY,U_x1p5,U,,100,0.0004268139105919,0.0009612704083485,0.002265625,32.0,Urban counties: R_c × 1.5 (not on CF-D/CF-S dose grid),0.0,0.0
WY,WY,U_x2,U,,100,0.0004268139105919,0.0009612704083485,0.002265625,32.0,Urban counties: R_c × 2.0 (not on CF-D/CF-S dose grid),0.0,0.0
WY,WY,K_5km,K,,100,0.0004135992079421,0.0008729234880271,0.0018749999999999,38.0,5 km clustering network (not on CF-D/CF-S dose grid),-1.3214702649834097e-05,-3.0961274508383467
